a (an),하나의· 어떤
able,유능한· ~할 수 있는
about,~에 대하여· 약 ~· 대략
above,~보다 위에· ~보다 높게
accident,사고· 재난· 우연
across,가로질러· ~의 저쪽에
act,행동· 행동하다
activist,활동가· 운동가
actor,남자 배우· 행위자
add,가산· 추가하다
administration,관리· 경영· 행정
adult,어른· 어른의· 성인의
afraid,무서워하여· 두려워하여· 걱정하여
after,~의 뒤에· ~후에· ~의 다음에도
again,다시· 다시 한 번
against,~에 반대하여· ~을 향하여· 반하여
age,나이· 시대
aggression,공격· 공격성· 침략
ago,~전에· ~전· ~이전
agree,동의하다· 의견이 일치하다
air,공기· 대기· 공중· 환기시키다
airforce,공군
airplane,비행기
airport,공항· 비행장
album,음반· 앨범
alive,살아 있는
all,모든· 모두· 모든 것
ally,동맹국· 동맹하다· ~을 동맹시키다
almost,거의· 대부분· 하마터면 ~할 뻔하다
alone,홀로의
along,~을 따라· ~을 쭉· 함께
already,이미· 벌써
also,또한
although,비록 ~일지라도
always,항상· 언제나· 언제까지나
ambassador,대사· 사절· 대표
ammunition,탄약· 군수품
among,~사이에· ~에 둘러싸인
anarchy,무정부 상태· 무질서· 정치·사회적 혼란
ancient,고대의
and,~과 ~· 그리고· ~하면서
anger,분노· 화
animal,동물· 짐승· 동물성의
anniversary,기념일
another,또 하나의· 또 하나의 것
answer,대답· 해답· 대답하다
any,아무것도· 어떤· 무슨
appoint,임명하다· 지명하다· 약속하다
archeology,고고학
area,지역· 면적· 영역
argue,논쟁하다· 말다툼하다
arms,무기
army,육군· 군대
around,주위에· 약 ~· 여기저기에
arrest,체포하다· 구속하다· 체포· 검거
art,예술· 기술· 인문 과학
artillery,포· 대포
as,~처럼· ~으로서· ~하면서
ash,재· 재로 만들다· ~에 재를 뿌리다
ask,요구하다· 묻다· 부탁하다
astronaut,우주 비행사
asylum,보호소· 피난처
at,~에· ~으로· ~에서
automobile,자동차
autumn,가을
away,떨어져· 사라져· 저쪽으로
baby,아기· 젖먹이
back,등· 뒤· 뒤로
bad,나쁜
ball,공
balloon,풍선
bank,은행· 둑· 은행과 거래하다
bar,막대기· 빗장· 술집
base,토대· 기초· (기둥의) 주초· 밑면· 밑변
battle,싸움· 전투· 교전
be,~이다· 있다· 존재하다
beat,연달아 치다· 두드리다
beauty,미· 아름다움· 미인
because,왜냐하면· ~이기 때문에
become,어울리다· ~이 되다
bed,침대
before,전에· 앞에· 이전에
begin,시작하다· 출발하다
behind,~의 뒤에· 늦어서
believe,믿다
bell,종· 방울· 벨
belong,~에 속하다· ~의 소유이다
below,아래에· 아래쪽에
best,가장 좋은· 가장 많은· 가장 잘
betray,배반하다· 누설하다· 저버리다
better,더욱 좋은· 보다 큰· (병이)나아가는
between,사이에· 중간에
big,큰· 중요한
bill,청구서· 지폐· 법안· 청구서를 보내다
bird,새
bite,한 입· 물린 상처· 물다· 물어뜯다
black,검은· 검정· 흑인
blanket,담요
bleed,피를 흘리다
blind,눈먼· 눈멀게 하다· 차양
block,덩어리· (거리)블록· 막다· 방해하다
blood,피· 혈액· 혈통
blue,청색· 푸른· 우울한
boat,배· 보트
body,몸· 신체· 육체
bomb,폭탄· ~을 폭격하다· 폭발하다
bone,뼈· 골격
book,책· 장부· 이름을 등록하다· 예약하다
born,타고난· 천성의
both,양쪽의· 양쪽 다
bottle,병· 술병
bottom,밑바닥· 밑
box,상자
boy,소년· 사내아이· 아들
boycott,보이콧하다· 불매운동을 하다· 보이콧
brain,뇌· 두뇌· 지능
brave,용감한
bread,빵
breathe,호흡하다· 숨을 쉬다
bridge,다리· 교량
bright,밝은· 빛나는· 영리한
bring,가져오다· 데려오다
broadcast,방송하다· 방송
brother,형제· 형· 남동생· 오빠
brown,갈색· 갈색의· 갈색이 되다
build,건설하다· 건축하다
building,건축물· 건축· 빌딩
bullet,총알· 총탄
burn,타다· 태우다
bus,버스
business,기업· 사업
busy,바쁜· 번화한· 분주한
but,그러나· 하지만
buy,사다
by,~에 의하여· 곁에· ~까지
cabinet,캐비닛· 장식장· 내각
call,전화하다· 부르는 소리
calm,고요한· 침착한· 평온한
camera,카메라· 사진기
camp,캠프· 야영지· 야영하다
campaign,캠페인· 군사작전· 캠페인하다
can,~할 수 있다· ~해도 좋다
capital,수도· 자본· 대문자· 주요한
capitalism,자본주의
car,자동차· 차
care,걱정· 조심· 돌봄· 걱정하다· 돌보아주다
careful,주의 깊은· 신중한
carry,운반하다· 휴대하다
case,경우· 상자· 사건· 사례· (문법의) 격
cat,고양이
catch,걸리다· 잡다
ceasefire,전투 중지· 사격 중지
celebrate,축하하다
center,중심· 중앙· 중추
century,1세기· 100년
chairman,의장· 사회자· 회장
champion,챔피언· 우승자
chance,기회· 우연
change,잔돈· 변화· 바꾸다· 변경하다
chase,추적· ~을 쫓아가다· 추적하다
cheat,속이다· 부정행위를 하다· 속임수· 사기
chemicals,화합물
chief,(조직의)장· 우두머리· 최고의· 주된
child,아이· 어린이· 자식
children,아이들(child의 복수형)
choose,고르다· 선택하다· 선출하다
circle,원· 집단· 회전하다
citizen,시민
city,도시· 시
civilian,민간인
civilrights,시민권
clash,충돌· 불일치· 땡땡 울리다
clean,깨끗한· 청소하다· 깨끗이 하다
clear,맑은· 분명한· 명백한
clergy,성직자들
climate,기후· 풍토
climb,오르다· 기어오르다
clock,시계· 시간을 재다· 계측하다
close,닫다· 닫히다· 끝· 종결· 가까운· 근접한
cloth,천· 헝겊
clothes,옷· 의복· 의류
cloud,구름· 흐리게 하다
coal,석탄
coalition,연합· 제휴· 연립
coast,해안· 연안
coffee,커피· 커피색의
cold,추운· 차가운· 감기
collect,모으다· 수집하다
college,단과대학· 대학
color,색· 색깔
come,오다· (너한테/네가 가는 쪽으로) 가다
common,공통의· 보통의
communicate,전달하다· 의사소통하다
community,공동체· 지역사회
company,친구· 회사
computer,컴퓨터
condemn,비난하다· 책망하다· 유죄판결을 내리다
condition,조건· 상태
Congress,(미국의)국회· 대회
connect,잇다· 연결하다
conservative,보수적인· 보수적인 사람
constitution,헌법· 체질
container,용기· 컨테이너
continent,대륙
cook,요리하다· 요리
cool,서늘한· 시원한· 냉정한
copy,사본· 복사· (책)1부· 복사하다
corn,옥수수
cotton,면· 솜· 목화
count,~을 차례로 세다
country,나라· (the를 붙여서)시골
court,법정· (테니스) 코트· 경기장· 구애하다
cover,덮다· 덮개· 표지
cow,암소· 젖소
crash,충돌· 추락· 충돌하다· 추락하다
create,창조하다
credit,신용거래· 입금하다· 믿다
criminal,범죄의· 형사상의· 범죄자
crisis,위기· 어려운 상황· 중요한 국면
crops,농작물
cross,십자가· 교차하다· 가로지르다
crowd,군중· 다수· 붐비다
cry,울다· 외치다· 울음소리
culture,문화· 교양
curfew,야간 통행금지
custom,관습· 습관· (복수)관세
customs,관세
cut,~을 베다· 자르다
dam,댐· 둑을 쌓다
damage,손해· 손상· 피해· 손해(피해)를 입히다
dance,춤추다· 춤
danger,위험
dark,어두운· 검정색에 가까운(짙은)
date,날짜· 데이트· 만날 약속
daughter,딸
day,날· 하루· 낮
dead,죽은· 죽은 사람· 완전히
deaf,귀가 먼· 귀머거리의· 귀머거리들
deep,깊은· 깊은 곳
deficit,적자· 결손· 부족액
degree,학위· 정도· (온도· 각도의)도
denounce,비난하다· 고발하다· 매도하다
deplore,한탄하다· 개탄하다· 슬퍼하다
deploy,배치하다· 전개하다
depression,불황· 불경기· 우울증
desert,사막· 버리다· 불모의
design,디자인· 설계· 디자인하다· 설계하다
die,죽다· 주사위
diet,식이 요법· 다이어트
different,다른
difficult,어려운· 곤란한
dig,(땅을)파다
dinner,정찬· 저녁식사· 만찬
diplomat,외교관· 외교가
direct,지도하다· 감독하다· 똑바른· 직접적인
direction,방향· 지시· 설명서
dirt,진흙· 먼지· 쓰레기
disarm,무장을 해제하다· 군비를 축소하다
disease,병· 질병
dissident,의견을 달리하는· 반체제 인사
distance,거리· 먼 곳
dive,다이빙하다· 뛰어들다· 뛰어들기
do,하다· 행동하다
doctor,의사
dog,개
dollar,달러· 1달러 지폐
door,문· 현관
down,아래로· 아래에
dream,꿈· 꿈꾸다
drink,마시다· 음료· 마실 것
drive,운전하다· 드라이브하다
drop,떨어지다· 떨어뜨리다· 방울
drown,익사하다· 물에 빠지다
drug,약· 약을 먹이다
dry,~을 말리다· 마른· 건조한
during,~동안· ~하는 중
dust,~에 뿌리다· ~의 먼지를 털다· 먼지
each,각각의· 각자· 각각
early,일찍· 이른· 초기의
earth,지구· 땅· 흙
east,동쪽
easy,쉬운· 안락한· 용이한
eat,먹다
economy,경제· 절약
education,교육
effect,효과· 결과· 영향
effort,노력
egg,달걀· 알· 난자
either,양쪽의· ~도 또한· 어느 쪽의
embassy,대사관
empty,텅 빈· 비우다
end,끝· 목적· 최후· 결말을 내다
enemy,적
energy,힘· 정력· 활력· 에너지
enforce,시행하다· ~을 강요하다· 실시하다
engine,기관· 엔진
engineer,기사· 기술자
enjoy,즐기다
enough,충분히· 충분한
enter,들어가다· 입학하다
environment,환경· 주위· (the ~)자연 환경
equal,같은· ~와 같다
especially,특히
even,평평한· 같은· ~조차· 평평하게 하다
event,사건· 행사· 이벤트
ever,언제나· 항상· 끊임없이
every,~마다· 매~· 모든
evidence,증거· 물증
exact,정확한· 틀림없는
example,보기· 실례· 예
excellent,우수한· 뛰어난
excuse,변명· 용서하다· 변명하다
exercise,운동· 연습(문제)
expect,기대하다· ~이라고 생각하다
export,수출하다· 수출· 수출품
express,표현하다· 급행의· 급행열차· 고속버스
extra,여분의· 임시의· 여분의 것
extremist,극단론자· 과격주의자· 극단론의
fact,사실
factory,공장
fail,실패하다· 낙제하다· 낙제
fair,공평한· 꽤 많은· 금발의· 박람회
fall,가을· 폭포· 떨어지다· 추락하다
FALSE,거짓인
family,가족· 가족의
famous,유명한
far,멀리· 멀리 떨어져서
farm,농장· 경작하다· 사육하다
fast,빠른· 빨리· 단단한· 굶다· 단식하다
fat,살찐· 뚱뚱한
father,아버지· 신부· 조상
fear,두려움· 걱정· 두려워하다
feel,(신체적) 감지하다· 만져보다· 촉감
female,여성· 암컷· 여성의· 암컷의
fence,울타리· 울· 장애물
few,거의 없는· 몇몇의· 소수의 사람
field,분야· 들· 밭
fight,싸우다· 싸움· 전투
fill,채우다· 배부르게 하다· 메우다
film,영화· 필름· ~을 촬영하다
final,최종적인· 마지막의· 결승전· 기말 시험
financial,재정상의· 재무의· 재정의
find,찾다· 발견하다
fine,훌륭한· 좋은· 벌금
finish,끝내다· 끝나다
fire,발사하다· 불· 화재
fireworks,불꽃놀이
first,첫째의· 첫째로· 맨 먼저
fish,물고기· 낚시질하다
fit,알맞은· ~에 알맞다· 어울리다· 발작
fix,고정시키다· 정하다· 수리하다
flag,깃발· ~을 기로 장식하다
flat,평평한· 수평의
flee,달아나다· 도망치다
floor,바닥· 층
flower,꽃· 화초· 번영하다
fly,(새 등이) 날다· 파리
fog,안개· ~을 안개로 뒤덮다
food,음식· 식량· 식품
fool,어리석은· 바보· 놀리다· 농락하다
foot,발· 피트· 기슭
for,~을 위하여· ~을 기념하여· ~용의
foreign,외국의
forest,숲· 산림
forget,잊다
forgive,용서하다
former,먼저의· 전임의· 전자
forward,앞으로· 앞쪽으로· 앞쪽의
free,자유로운· 무료의· 자유롭게
freedom,자유
freeze,얼다· 얼음이 얼다
fresh,신선한· 새로운· 참신한
friend,친구· 동료· 벗
from,~에서· ~으로부터
front,앞· 전면
fruit,과일· 열매· 결과
full,가득 찬· 완전한
fun,장난· 재미· 농담하다
future,미래· 장래
game,놀이· 사냥감· 경기
gas,기체· 가스· 휘발유
gentle,부드러운· 온화한
get,얻다· 받다
gift,선물
girl,소녀· 계집아이
give,주다· 건네주다· 시키다· 제시하다
glass,유리· 유리컵
go,가다
goal,목표· 목적· 골
god,신· (대문자) 하나님· 창조주· 조물주
gold,금
good,좋은· 이익· 선(善)· 훌륭한· 능숙한
goods,상품· 물품
government,정부
granddaughter,손녀
grandfather,할아버지
grandmother,할머니
grandson,손자
grass,풀· 풀밭· 목초· 잔디
gray,회색(의)
great,위대한· 대단한· 거대한
green,녹색의· 녹색
ground,땅· 근거· 근거를 두다
group,집단· 그룹· 모임
grow,자라다· 성장하다
guard,지키다· 감시하다· 보초· 경비요원
guerrilla,게릴라· 유격대
guide,안내인· 어느 방향으로 유도하다
guilty,유죄의· 죄를 범한
gun,총· 총으로 쏘다
hair,털· 체모· 머리카락
half,절반· 절반의
hang,걸다· 매달다· 교수형에 처하다
happen,(일· 사건 등이)일어나다· 발생하다
happy,행복한· 기쁜
hard,열심히· 어려운· 단단한
harvest,수확· 수확하다
hat,모자· 모자를 쓰다
hate,매우 싫어하다
have,가지고 있다· ~을 먹다· 있다
he,그는· 그 사람은
head,머리· ~의 선두에 서다
headquarters,본부· 본사
health,건강
hear,듣다· 들리다
heat,열· 더위· 가열하다
heavy,무거운· 심한
helicopter,헬리콥터· 헬리콥터로 날다
help,도움· ~에 도움이 되다
here,여기에· 여기· 여기서
hero,영웅· 주인공
hide,숨기다· 숨다
high,높은· 격심한
hijack,강탈하다· 납치하다
hill,언덕
history,역사
hit,치다· 타격
hold,(손에)들다· 쥐다· 개최하다· 유지하다
hole,구멍
holiday,휴일· 휴가· 휴일의
holy,신성한· 거룩한· 성스러운
home,집· 가정· 고향· 자택
honest,정직한· 솔직한
honor,명예· 영광
hope,희망· 희망을 거는 것· 희망을 가지다
horrible,무서운· 끔찍한
horse,말· 수말· ~을 말에 태우다
hospital,병원
hostage,인질
hot,더운· 뜨거운· 매운
hotel,호텔
hour,시간
house,집· 가옥· 건물
how,어떻게· 얼마만큼· 어떤 모양으로
however,아무리 ~해도· 그러나
huge,거대한· 막대한
human,인간· 인간적인
humor,유머
hunger,굶주림· 배고픔
hunt,사냥하다
hurry,서두르다· 서두름
hurt,다치게 하다· 아픔을 주다· 다친
husband,남편
I,나는· 내가
ice,얼음· ~을 얼음으로 덮다
idea,생각· 아이디어· 개념
if,만약 ~이라면· ~인지 어떤지
illegal,불법의· 비합법적인· 불법 체류자
imagine,상상하다· 생각하다
immigrant,(외국으로부터)이주자· 이민자
important,중요한· 중대한
in,~안에· ~으로· ~에
incite,자극하다· 선동하다· 유발하다
infect,감염시키다· (병을)옮기다
inflation,통화 팽창· 인플레이션· 팽창
information,정보· 안내소
innocent,결백한· 순결한· 순진한
insect,곤충· 벌레
instead,그 대신에
instrument,기구· 악기
intelligent,지적인· 총명한
interest,흥미를 일으키다· 흥미· 관심· 이자
invade,침범하다· 침해하다· (타국을) 침략하다
invest,투자하다
invite,초대하다
iron,철· 다리미· 다림질하다
island,섬· ~을 섬으로 만들다
it,그것
jail,감옥· 구치소· 교도소
jewel,보석
job,일· 직업· 삯일
join,참가하다· 입대하다· 합류
joke,농담· 농담하다· 놀리다
jump,뛰어오르다· 뛰다· 도약
jury,배심· 배심원단
just,바로· 방금· 곧· 단지
keep,(약속 등을) 지키다· 간직하다· 계속하다
kick,차다· 차기
kill,죽이다
kind,종류· 친절한
kiss,키스· 키스하다· 가벼운 접촉
knife,주머니칼· 식칼
know,알다
knowledge,지식· 학문· 학식
lake,호수
land,육지· 착륙하다· 상륙하다
language,언어
large,큰· 넓은· 많은
late,늦은· 늦게
laugh,(소리를 내어) 웃다
law,법· 법률
lead,납· 흑연· 이끌다
learn,배우다
leave,떠나다· 남기다· 휴가
left,왼쪽· 왼쪽의· 좌익
legislature,입법부· 주 의회· 입법 기관
lend,대출하다· 빌려주다· 대여· 차용
less,~보다 적은· 하물며 ~아니다
let,시키다· ~하게 하다
letter,편지· 글자· 문학
liberal,관대한· 자유주의의
lie,거짓말하다· 거짓말· 눕다· 놓여 있다
life,생명· 생활· 인생
lift,들어 올리다· (영국) 엘리베이터
light,빛· 등불· 가벼운· 밝은· 불을 켜다
lightning,번개· 번갯불
like,좋아하다· ~처럼· 같은
limit,제한· 제한하다
line,일렬로 늘어서다· 줄· 선
link,연결· 고리· 연결하다
list,목록· 명부
listen,듣다· 경청· 듣기
little,작은· 조금· 짧은
live,살다· 살아 있는
load,화물· 짐· 짐을 싣다
long,긴· 오래의· ~의 길이인· ~의 시간인
look,보다· 외관· 모양
lose,잃다· 길을 잃다· 지다
loud,큰 소리로· 시끄러운· 화려한
love,사랑하다· 사랑· 애정
low,(소리· 높이 등이) 낮은· (값이) 싼
luck,운· 행운· 운명
machine,기계
magazine,잡지
mail,우편물· 우편· 우편의
main,주요한
major,전공과목· 전공하다· 대다수의· 주요한
majority,대다수· 과반수· 대부분
make,~을 만들다· 벌다· 나아가다· ~하다
male,남성
man,남자· 사람· 인간
many,많은· 다수의· 많은 것[사람]
map,지도
march,행진곡· 행진· 행군
mark,기호· 점수· 표시
market,시장· 팔다
marry,~와 결혼하다
mate,동료· 친구· 짝
mathematics,수학
matter,물질· 문제· 중요하다
may,~일지도 모른다· ~해도 좋다
mayor,시장(市長)
meal,식사
mean,의미하다· 비열한· 중간의· 심술궂은
meat,고기
media,대중매체· 매스 미디어
medicine,약· 의학
meet,만나다· 만족시키다· 합류하다
melt,녹다· 녹이다
member,회원· 하원 의원
memory,추억· 회상· 기억
mercy,자비
message,소식· 전갈
metal,금속· 합금· ~에 금속을 붙이다
method,방법
middle,한가운데의· 중앙의· 한가운데
militant,투사· 교전 중인· 투쟁적인 사람
milk,우유· 젖을 짜다· 젖
mind,신경을 쓰다· ~을 꺼리다· 마음· 정신
mine,광산· 나의· 내 것
mineral,광물· 무기질· 광물(성)의
minister,성직자· 장관· 목사
minority,소수· 소수 민족· 소수파
minute,분· 순간· 미세한
miss,(노렸던 것을) 놓치다· 그리워하다
missile,미사일
missing,분실한· 행방불명인· 결여된
mistake,실수하다· 틀리다· 실수· 착오
mix,혼합하다· 혼합· 교제하다
mob,폭도
model,모델· 모형· ~의 모형을 만들다
modern,현대의· 근대의
money,돈· 통화· 금전의
month,달· 한 달· 1개월
moon,달· 서성거리다· 멍하니 시간을 보내다
more,더 많이· 더 많은
morning,아침· 오전· 아침의
most,가장 많은· 대부분의· 가장
mother,어머니
mountain,산
move,움직이다· 이동하다· 운동
movie,영화· 영화관
much,매우· 많은· 훨씬
music,음악
must,~해야 하다· ~임에 틀림없다
mystery,신비· 불가사의
name,이름· 명성· 이름을 짓다· 명명하다
narrow,좁은· 협소한· 인색한
nation,국민· 국가· 민족
native,원주민· 토착민· 타고난· 토착의
natural,자연의· 타고난· 당연한
nature,자연· 성질
navy,해군
near,가까이· 가까운
necessary,필요한· 필수의
need,필요· 요구· ~을 필요로 하다
neither,(둘 중의) 어느 쪽도 ~아니다
never,조금도 ~않다· 결코 ~않다
new,새로운· 최근에· 새롭게
news,뉴스· 소식· 보도
next,다음의· 다음에· 다음~
nice,훌륭한· 즐거운
night,밤· 저녁· 야간의
no,아니· 조금도 ~않다
noise,소리· 소음· 잡음
noon,정오· 전성기· 절정
normal,정상의· 보통의· 정상· 표준
north,북· 북쪽· 북쪽으로
not,~아니다· 않다
note,주석· 메모· 기록
nothing,아무것도 아니다· 존재하지 않는 것· 무
now,지금· 이제
nowhere,아무 데도 ~없다· 어딘지 모르는 곳
nuclear,원자력의· 핵무기의
number,번호· 수· 숫자
obey,복종하다· 준수하다
observe,관찰하다· 준수하다
ocean,대양
of,~의· ~으로부터· ~을
off,떨어져· 벗어나서· 떨어져서
offensive,공격적인· 참을 수 없는· 모욕적인
office,사무실
officer,공무원· 임원· 장교· 경찰관
official,공무상의· 공식적인· 관리· 공무원
often,종종· 자주· 대개
oil,기름· 석유· ~에 기름을 바르다
old,늙은· 낡은· 헌· ~살의
on,위에· ~에 접하여· ~에
once,한 번· 한때· 일찍이
only,겨우 ~· 유일한· 오로지
open,열다· 열린· 열려 있는
operate,작동하다· 움직이다· 수술하다
opinion,의견
opposite,반대편· 정반대의
or,~ 또는 ~· 혹은 ~· 그렇지 않으면
order,명령하다· 주문하다· 명령· 순서
organize,조직하다· 구성하다
other,다른· 나머지의· 다른 것
our,우리의
oust,~을 내쫓다· 축출하다
out,밖에· 없어져
over,~을 넘어서· ~이상· ~하면서
overthrow,전복시키다· 전복· 뒤엎다
own,자기 자신의· ~을 소유하다
pain,아픔· 고통· (복수형)수고
paint,페인트· 그림물감· 그리다
pan,냄비· 혹평하다· 헐뜯다
paper,종이· 신문· 서류
parachute,낙하산· 낙하산으로 내려오다
parade,행렬· 행진· 정렬시키다
pardon,용서· 사면· 사면하다· 용서하다
parent,아버지 또는 어머니· (복수)부모
parliament,의회· 국회· 입법부· (대문자) 영국의회
part,부분· 부품· 역할· (생물의) 기관
party,파티· 일행· 정당· (파티 에서) 즐기다
pass,지나가다· 건네주다· 합격하다· 합격
passenger,승객· 여객
passport,여권
past,과거· 과거의· 지나서
path,좁은 길
pay,지불하다· 급료
peace,평화
people,사람들· 국민
percent,퍼센트· ~퍼센트의· 백분율
perfect,완성하다· 완벽한· 완전한
perform,수행하다· 연기하다· 공연하다
period,기간· 시대· 시기
person,사람· 인간· 풍채
physical,육체의· 육체적인
picture,사진· 그림· 그림으로 나타내다
piece,한 조각· 한 개· 한 장
pig,돼지
pilot,(비행기 등의) 조종사· 파일럿
pipe,파이프· 관· 피리를 불다
place,장소· 곳· 두다
plan,~을 계획하다· 계획· 구상
planet,행성
plant,식물· (공장) 설비· (식물을) 심다
plastic,플라스틱· 합성수지
play,놀다· 연극
please,~을 기쁘게 하다· 제발· 부디
plenty,많은· 풍부한
poem,(한 편의)시
point,(뾰족한) 끝· 점수· 요점· 점· 가리키다
poison,독약· 중독 시키다
police,경찰
pollute,더럽히다· 오염시키다
poor,가난한· 서투른· 초라한
popular,인기 있는· 대중적인· 유행의
population,인구
port,항구· 항만
position,위치· 입장· 상태
possible,가능한
pour,붓다· 쇄도하다· 주입
power,힘· 영향력
praise,칭찬하다· 칭찬
pray,~을 빌다· 기도하다· 기원하다
president,대통령· 회장
press,누르다· 강요하다· 출판물· 보도기관
price,값· 가격· 대가
prison,감옥· 도주하다
private,개인의· 사적인
prize,상· 상품· 상금
probably,아마· 십중팔구는
problem,문제
process,경과· 과정· 진행
professor,교수
program,프로그램· 진행순서· 프로그램을 짜다
project,계획하다· 계획· 기획
protest,항의· ~에 항의하다· 저항하다
public,공공의· 공적인· 유명한· 대중
publication,출판· 공표· 간행
pull,끌다· 뽑다· 당기다
pump,펌프· 펌프질 하다
punish,처벌하다
purpose,목적· 의도
push,밀다· 밀기
put,~을 두다· 넣다
quality,품질
question,질문· 문제· 질문하다
quick,빠른· 급한· 빨리
quiet,조용한
radar,레이더· 전파 탐지기
radiation,방사선· 복사
radio,라디오· 라디오 방송· 무선 방송
raid,급습하다· 습격· 불법 침입
rain,비· 비가 오다· 비가 내리다
raise,올리다· 끌어 올리다· 기르다
rare,드문· 희귀한· (고기가)살짝 익힌
rate,비율· 속도· 요금· 평가하다
reach,도착하다· 닿다· (손 등을)내밀다
read,읽다· 독서하다· 판독하다
ready,준비가 된· 재빠른· 기꺼이 하는
real,현실의· 진짜의· 진정한
reason,이유· 이성· 근거
recent,최근의· 근래의
recession,후퇴· 불경기· 불황· 퇴거
red,빨강· 붉은· 빨간
refugee,망명자· 난민· 피난자
relation,관계· 친척· 사이
religion,종교· 신조· 종파
remains,유해· 유적· 나머지
remember,기억하다· 생각해 내다
repeat,되풀이하다· 반복하다
report,보고· 보도· 보도하다· 신고하다
represent,~을 나타내다· 대표하다· ~을 표현하다
repress,억누르다· 진압하다· 억제하다
resign,사직하다· 그만두다· 사임하다
resolution,결의· 해결· 결심
resource,자원
responsible,책임이 있는· 책임져야 할
rest,휴식· 나머지· ~을 쉬게 하다
revolt,반란· 반역· 반란을 일으키다
rice,쌀· 벼
rich,풍부한· 부유한· 부자의
right,권리· 옳은· 바른
riot,폭동· 소요· 폭동을 일으키다
river,강· 하천
road,길· 도로
rock,바위· 록 음악· 동요시키다
rocket,로켓· 돌진하다
roll,두루마리· 명부· 출석부· 구르다
room,방· 공간· 여지
root,뿌리· 뿌리박다
rope,밧줄· 줄
round,둥근· 둘레에· 돌아서· 돌다· 일주하다
rub,문지르다· 비비다
rubber,고무
run,달리다· 도망치다
sabotage,사보타주· ~에 파괴 행위를 하다
sacrifice,희생하다· 희생
sad,슬픈· 슬퍼하는
safe,안전한· 무사한· 금고
sail,항해하다· 돛· 항해
sailor,선원· 수병
salt,소금· 소금을 치다
same,같은· 동일한· 같은 사람· 똑같은 것
sand,모래
satellite,인공위성
save,구하다· 절약하다· 저장하다
say,~이라고 말하다· 이야기하다
school,학교· 수업· 학파
science,과학
sea,바다· ~해(海)· 바다의
search,찾다· 수색하다· 수색
season,계절· 시기· 양념하다
seat,좌석· 자리· 의석
second,제 2의· 초· 또 하나의
secret,비밀· 비결· 비밀의
security,안전· 보안
see,보다· 보이다· 이해하다
seed,씨· 종자· 씨를 뿌리다
seek,추구하다· 찾다
seem,~처럼 보이다· ~처럼 생각되다
self,자기· 자아
sell,팔다
Senate,상원· 입법부
send,(편지 등을) 보내다
sense,감각· 의미· 의식
sentence,문장· 선고· 선고하다
serious,진지한· 중대한· 심각한
serve,섬기다· 봉사하다· (음식을)내다
set,두다· 배치하다· 설정하다· 고정하다
several,여럿의· 몇 사람의 몇 개의
sex,성· 성별
shake,흔들다· 흔들리다
shape,모양· 모습
share,몫· 주식· 분배하다
sharp,날카로운· 급격한· 가파른
she,그 여자는· 그 여성은
sheep,양· 신자
shell,껍데기· 조가비
shine,빛나다· 닦다
ship,선박· 선적하다
shock,충격· 쇼크· 충격을 주다
shoe,구두
shoot,(총· 화살 등을)쏘다· 사격· 발사
short,짧은· 부족한· 불충분한
should,~할 것이다· ~일 것이다· ~하여야 하다
shout,외침· 외치다· 소리치다
show,쇼· 전시하다· 보여주다
sick,병든· 아픈
sickness,병· 욕지기
side,측면· 면· 편들다
sign,기호· 신호· 표시· 서명하다· 신호하다
signal,신호· 신호하다
silence,침묵· 정적· 고요
silver,은· 은으로 만든· 은도금하다
similar,비슷한· 유사한· 닮은
simple,간단한· 단순한
since,~이므로· 그 후· 그때부터 지금까지 죽
sing,노래하다
single,단 하나의· 독신의
sister,언니· 누나· 여동생
sit,앉다· 착석시키다
situation,상황· 처지
size,크기· 치수· ~을 크기에 따라 분류하다
skeleton,해골· 뼈대· 골격
skill,솜씨· 기술· 기능
skin,피부· 가죽· 껍질
sky,하늘
sleep,수면· 잠· 자다
slide,슬라이드· 미끄럼틀
slow,느린· 늦은· 속도를 늦추다
small,작은· 적은· 좁은
smash,분쇄· 분쇄하다· 스매싱하다
smell,냄새· 냄새를 맡다
smoke,연기· 담배를 피우다· 연기를 뿜다
smooth,매끄러운
snow,눈· 눈이 내리다
so,그래서· 그렇게· 매우
soft,부드러운
soil,흙· 토양
soldier,군인
solid,고체· 고체의· 단단한
solve,풀다· 해결하다
some,얼마간의· 어떤· 약간의
son,아들· 자식
soon,곧· 빨리· 이내
sort,정렬하다· 분류하다· 종류
sound,소리· 건전한· 울리다
south,남· 남쪽· 남쪽으로
space,우주· 공간
speak,말하다· 이야기하다
special,특별한· 특별한 것
speech,연설· 말· 말하기
speed,속력· 속도· 서두르다· 속력을 내다
spend,(돈을)소비하다· (시간을)보내다
spirit,원기· 정신· 마음· 영혼
sport,운동· 스포츠
spread,펴다· 퍼뜨리다
spring,봄· 샘· 용수철
spy,스파이· 몰래 감시하다· 몰래 조사하다
square,정사각형· 제곱· 광장
stab,찌르기· 한 번 찌르기· 찌르다
stand,서다· 세우다
star,별· 스타
start,출발하다· 시작하다· 출발· 개시
starve,굶어 죽다· 굶주리다
state,상태· 모양· 국가· 주· 진술하다
station,역
statue,조각상· 상(像)
stay,머무르다· 체류하다· 체류
steal,훔치다
steam,~을 찌다· 증기· 수증기
steel,강철· 강철의· 강철로 만든
step,걸음· 한 걸음· 계단· 걷다· 밟다
stick,막대기· 달라붙다· 찌르다
still,여전히· 아직· 지금까지도
stone,돌· 돌을 던지다
stop,멈추다· 세우다· 정지
store,가게· 상점· 저장하다
storm,폭풍우· 습격하다· 기습하다
story,이야기· 층· 줄거리
stove,난로· 스토브
straight,똑바른· 똑바로· 곧장
strange,이상한· 낯선
street,거리
strong,힘이 센· 튼튼한· (맛· 억양 등이) 강한
structure,구조· 구성· 구조물
study,공부· 공부하다· 연구
stupid,어리석은
subject,종속시키다· 학과· 과목· 주제· 지배받는
submarine,잠수함· 해저의
subversion,전복· 파괴
succeed,성공하다· ~의 뒤를 잇다
such,그러한· 그와 같은· 그런
sudden,갑작스러운· 돌연한
sugar,설탕
summer,여름· 여름의
sun,태양· 해· 햇빛
supply,공급· 보급품· 공급하다· 주다
sure,확실한· 확실히· 물론
surface,표면· 겉면
surprise,놀라게 하다· 놀람· 뜻밖의 일
survive,살아남다· 생존하다
sweet,달콤한· 향기로운· 기분 좋은
swim,헤엄치다· 헤엄쳐 건너다· 수영
system,체계· (컴퓨터) 시스템
take,타고 가다· (시간이) 걸리다· 움켜쥐다
talk,말하다· 이야기하다· 담화
tall,키가 큰
tank,탱크· 전차
taste,맛보다· ~의 맛이 나다· 맛· 기호
tax,세금· 과세하다
tea,차· 차나무· 홍차
teach,가르치다· 교수하다
team,팀· 조· 한 무리로 하다
tear,(복수형)눈물· 눈물을 흘리다· 찢다
tears,눈물
technology,과학(공업) 기술· 공학
telephone,전화· 전화기· 수화기
telescope,망원경· 단축하다
television,텔레비전
tell,말하다· 명중하다· ~을 세다
temperature,기온· 온도· 체온
terror,공포· 테러· 두려움
terrorist,테러리스트· 테러 행위자
test,시험· 테스트· ~을 시험하다
than,~보다
thank,감사· 고맙다는 말· 감사하다
that,저· 저것
the,그
theater,영화(또는 극장)
them,그들을· 그것들을· 그것들의
then,그때· 그 뒤에· 그럼
there,거기에· 그곳에서· 거기
these,이것들은· 이것들의
they,그들은· 사람들· 그것들은
thick,두꺼운· 굵은· 짙은
thin,얇은· 야윈· 가느다란
thing,것· 물건· 일
think,~을 생각하다· 상상하다
third,제3의
this,이것· 이· 지금
threaten,위협하다· 협박하다
through,~을 통하여· ~을 하는 동안· 꿰뚫어
throw,던지다· 던지기· 사정거리
tie,매다· 묶다· 동점이 되다· 넥타이· 동점
time,시간· 때· 시각
tired,피곤한· 지친· 싫증난
to,~에· ~까지· ~에 대하여
today,오늘· 오늘날· 현재
together,함께
tomorrow,내일
tonight,오늘밤
too,~도 또한· 게다가· 너무· 역시
tool,연장· 도구· (목적을 위한) 수단· 방편
top,꼭대기· 정상· 윗면
total,합계· 총액· 총계의· 전체의· 합계하다
touch,만지다· 닿다· 접촉· 감동시키다
toward,~쪽으로· ~을 향하여
town,읍· 도회지
traffic,교통
train,기차· 열차· 훈련하다· 끌리는 옷자락
transportation,교통· 운송
travel,여행· 여행하다
treason,반역· 배신· 배반
treasure,보물· 보배· 귀중품
treat,다루다· 대접하다
treaty,조약· 협정· 협약
tree,나무· 가계도
trick,묘기· 비결· 요령· 속이다
trip,(짧은) 여행· 발이 걸려 넘어지다
trouble,곤란· 수고· 어려움· 괴롭히다
truce,휴전· 정전· 휴전하다
truck,트럭· 트럭으로 나르다
TRUE,사실인
trust,신용· 믿음· 신용하다· 믿다
try,노력하다· 시도하다· 해보다· 시도
tube,관· 통· 튜브
turn,돌다· 방향을 전환하다 · 회전
under,~의 아래에· ~하에· 아래의
understand,이해하다· 알다
unite,결합하다· 연합하다
universe,우주· 전 세계
university,대학교
until,~까지· ~까지는· ~해서 비로소
up,위로· 위쪽으로· 상류로
us,우리를
use,사용· 이용· 사용하다· 쓰다· 이용하다
valley,골짜기· 계곡
value,가치· 소중하게 생각하다· 평가하다
vegetable,채소· 야채
version,~판· 번역· 변형
very,대단히· 매우· 무척
veto,거부권· 거부하다· 거부권을 행사하다
victory,승리
village,마을
violence,폭력· 격렬함· 폭행
visit,방문하다· 방문
voice,목소리· 말로 나타내다
volcano,화산
wait,기다리다
walk,걷다· 산책· 걷기
wall,벽· 담· 성벽
want,~을 원하다· 바라다
war,전쟁· 전쟁의
warm,따뜻한· ~을 따뜻하게 하다
warn,경고하다· 주의시키다
wash,씻다· 세탁하다· 세탁
waste,쓰레기· 낭비· 낭비하다· 황량한
watch,지켜보다· 주의하다· 경계· 손목시계
water,물· 물을 주다
wave,물결· 파동· 파도· 물결치다· 손 흔들다
way,길· 방법· 방향
we,우리
weak,약한· 허약한· 부서지기 쉬운
wear,입다· 닳다· 닳아 헤어짐
weather,날씨
week,주· 1주일간
welcome,환영하다· 환영· 환영받는
well,잘· 건강한· 만족할 만큼· 우물
west,서부· 서쪽· 서양
wet,젖은· 축축한
what,무슨· 어떤· 무엇
wheat,밀
wheel,바퀴· 수레바퀴
when,언제· 때
where,어디에· 장소· 어디로
which,어느· 어느 것· 어느 쪽
while,~하는 한· ~하는 동안에· ~인 반면
white,흰· 백색
who,누구· 관계자· 어느 사람
whole,전체의· 모든· 전체· 전부
why,왜· ~의 이유· 어째서
wide,넓은· (마음이)너그러운
wife,아내· 처
wild,야생의· 난폭한· 길들이지 않은
will,의지· ~할 것이다· 유언
willing,기꺼이 하는· 자발적인· 자진해서 하는
win,이기다· ~을 얻다· 승리
wind,바람· 강풍· 바람에 날리다
window,창문· 창· 진열창
winter,겨울
wire,전선· 전화선· 철사
wise,슬기로운· 현명한
wish,소원· 기원
with,~과· ~을 가지고· ~이 있는
without,~없이· ~을 하지 않고
woman,여성
wonderful,놀라운· 훌륭한
wood,나무· 목재
word,말· 단어· 가사
work,일· 일하다
world,세계· 세상· ~계
worry,걱정하다· 걱정· 근심
worse,더 나쁜· 악화되어 있는
worth,가치가 있는· 가치
wreckage,난파· 파멸· 잔해
write,기록하다· 쓰다· 서명하다
wrong,나쁜· 틀린· 잘못된
year,연· 해· (복수)나이· ~살
yellow,노란색의· 노랑
yes,예· 찬성투표
yesterday,어제
yet,(긍정⋅부정) 아직· (의문) 벌써· 지금도
you,당신· 너· 너희
young,젊은· 어린· 젊은이들
zero,제로· 영
zoo,동물원
inform,알려주다· 통보하다
advise,충고하다· 조언하다
service,서비스· 봉사
provide,주다· 제공하다
relationship,관계· 사이
behave,행동하다
improve,향상시키다· 개선하다
individual,개인· 개인의· 개개의
require,필요로 하다· 요구하다· 규정하다
develop,발달하다· 개발하다· (택지를) 조성하다
social,사회의· 사회적인· 사교적인
amount,양· 액수· 총액· 총계가 ~에 달하다
employ,고용하다
terrible,무시무시한· 끔찍한· 지독한· 형편없는
attitude,태도· 자세· 마음가짐
research,연구· 조사· 연구하다· 조사하다
audience,청중· 관객· 시청자· 청취자
volunteer,자원봉사자· 자발적인· 자원하다
influence,영향· 영향을 미치다
international,국제적인
opportunity,기회
ability,능력· 재능
expense,지출(금)· 경비
involve,포함하다· 수반하다
stress,압박· 긴장· 스트레스· 강조하다
therefore,그러므로· 그 결과· 따라서
average,평균· 보통· 평균의· 보통의
ride,(말· 자전거 등에)타다· 타기· 태우기
local,지방의· 한 지역의
encourage,~에게 용기를 주다· 격려하다
determine,결심하다· 결정하다
comfort,편안함· 위로· 위안· 위로하다
consume,소비하다· 써버리다
object,반대하다 /물건·물체·목적(어)
impress,감동시키다· 좋은 인상을 주다
available,사용 가능한· 시간이 되는
contain,포함하다· ~이 함유되어 있다
revenue,소득· 세입
recognize,알아보다· 분간하다· 인정하다
material,물질의· 재료· 요소
positive,긍정적인· 적극적인· 확신하는· 양수의
emotion,감정· 정서
amaze,놀라게 하다· 경탄하게 하다
level,평평하게 하다· 수평의· 단계· 수준
discover,발견하다
essence,본질· 진수
benefit,이익· 이득· 이익이 되다
affect,~에 영향을 미치다· ~을 감동시키다
reduce,줄다· 감소시키다
chemistry,화학· 화학적 성질
immediate,즉시의· 당면한
thus,따라서· 이렇게· 그러므로
proper,적당한· 알맞은
profession,직업· 전문직· 공언
economic,경제의
cell,세포· 작은 방· 전지
focus,초점· 초점을 맞추다· 집중하다
issue,논쟁· 발행· [출판] ~호· ~을 발행하다
poetry,시
demand,요구· 수요· 요구하다
occur,(일이) 발생하다· (생각이) 떠오르다
complex,종합단지· 복합의· 복잡하게 하다
define,한정하다· 정의하다· ~의 경계를 정하다
proud,자랑스러운· 자존심이 강한
aware,알고 있는· 알아차린
contact,연락을 취하다· 접촉· 연락
performance,연기· 연주· 상영· 공연
detail,세부사항· 항목· 상세
approach,접근하다· 다가가다· 접근
participate,참가하다
fashion,유행· 패션· 방식· 양식
package,소포· 꾸러미· 짐
disappear,사라지다· 안보이게 되다
career,경력· (전문적인)직업
secure,안전한
novel,소설· 새로운
despite,~에도 불구하고(=in spite of)
background,배경· 배경의
solution,해결· 해답· 용해· 용액
generate,생기게 하다· 발생시키다
eventually,결국· 마침내
decrease,줄다· 줄이다· 감소시키다· 감소
recycle,재활용하다
desire,욕망· 소망· 바라다
balance,균형· 균형을 잡다
publish,출판하다· 발표하다
congratulate,축하하다
compose,작곡하다· (시· 글 등을) 짓다· 구성하다
follow,~을 따라가다· ~의 다음에 오다
negative,부정적인· 소극적인· 음수의
occasion,(특정한)경우· 행사
replace,대체하다· 교체하다
expert,전문가· 숙련가
term,학기· 기간· 용어· (복수)관계· 조건
relieve,구원하다· 안도시키다
describe,묘사하다· 표현하다
biology,생물학· 생태학
due,만기가 된· (금전 등) 지급되어야 할
equipment,장비· 설비
account,(은행)계좌· 이야기· 간주하다· 설명하다
birth,탄생· 출생
constant,불변의· 끊임없이 계속되는· 변함없는
genius,천재
reflect,(모습 등을) 비추다· 반사하다
cause,원인· 이유· ~을 야기하다· 일으키다
frequent,자주 일어나는· 간격이 짧은· 자주 가다
steady,변함없는· 꾸준한
extreme,극도의· 극단적인· 극심한
tend,~하는 경향이 있다
insist,강력히 주장하다· 우기다· 고집하다
extend,뻗다· (특정지역·기간에) 달하다· 이르다
politics,정치· 정치학(단수취급)
lonely,고독한· 쓸쓸한
habitat,서식지· 주거지
mental,정신의· 마음의
factor,요소(=element)· 인자· 요인· 약수
exchange,교환하다· 교환· 환전
active,활동적인· 활발한· 적극적인
species,[생물] 종(種)
athletic,운동의· 경기의
dental,치과의
delight,기쁨· 즐거움· 기쁘게 하다
confident,확신하고 있는· 자신감 있는
gradually,점차· 차츰
electricity,전기
shadow,그림자· 어둠
access,출입(to)· 접근
announce,발표하다
allow,허용하다· ~하게 해주다
firm,단단한· 확고한· 회사
vary,변화를 주다· 다양하게 하다
injure,부상을 입히다· 해치다
permit,허가· 허가하다
threat,위협· 협박
flood,홍수· 범람하다
disabled,불구가 된
lack,부족· 결핍· ~이 없다· 부족하다
signify,의미하다· 뜻하다
concentrate,집중하다· 전념하다(on)
emphasize,~을 강조하다· 힘주어 말하다
astronomy,천문학
commerce,상업· 무역· 거래
capable,유능한· 할 수 있는· 능력이 있는
fuel,연료
manufacture,제조· 제품· 제조업· 제조하다
movement,움직임· 운동· 활동
combine,결합하다
gene,유전자
response,반응· 대답
victim,희생· 희생자· 피해자
pressure,압력· 압박감
accompany,동반하다· ~와 함께 가다
frustrate,쳐부수다· 꺽다
construct,구조물· 구문 /건설하다
dwindle,작아지다· 축소시키다
increase,증가하다· 증가
entertain,즐겁게 하다
predict,예언하다· 예측하다
apologize,사과하다
verdict,평결
sight,광경· 경치· 시력
quantity,양(量)
conclude,결론 내리다· 끝마치다
donate,기증하다· 기부하다
personality,성격
struggle,노력· 버둥거리기· 고군분투
electronic,전자의· 전자학의
absorb,흡수하다· 열중시키다
advantage,이점· 유리한 점
incredible,놀라운· 믿을 수 없는· 엄청난
enable,가능하게 하다(to)
instruction,교육· (복수)지시· 명령· 사용 설명서
assume,가정하다· ~인척하다
attempt,시도하다· 꾀하다
variety,종류· 변화· 다양성
confuse,혼동하다· 혼란시키다
indicate,~을 나타내다· 가리키다
analyze,분석하다
labor,노동· 노동자
remark,비평· 논평· 말하다
moral,도덕적인· (복수)도덕· 품행· 교훈
embarrassed,당황스러운· 난처한
claim,주장하다· 요구하다· 주장· 요구
stock,재고· 축적· 저장
resident,거주하는· 내재하는
reasonable,이치에 맞는· (가격이) 비싸지 않은
interrupt,가로막다· 방해하다· 중단시키다
discount,할인· 할인금액(=deduction· rebate)
creature,생명체· (신의)창조물
heal,치유하다· 고치다
stranger,낯선 사람
revolution,혁명· 회전
criticize,비평하다· 비판하다· 비난하다
convince,납득시키다· 설득하다
feature,특징· 용모· 특집 기사
tide,조수· 조류· 풍조
establish,설립하다· 수립하다
obtain,~을 얻다
assist,보조하다· 돕다
disaster,재해· 재난· 참사
efficient,능률적인· 유능한· 실력 있는
terrific,굉장한· 무서운· 멋진
react,반응하다· 반작용하다
independent,독립의· 자주적인
theory,이론· 학설· 학리
qualify,~에게 자격을 주다· 적격이다
clue,단서· 실마리· ~에 암시를 주다
recall,회상· 소환하다· 상기하다
risk,모험· 위험· ~을 위태롭게 하다
cancer,암
treatment,치료· 대우· 처리
specific,특별한· 구체적인
engage,약속하다· 약혼시키다· 관여하다
motivate,동기를 부여하다· 자극하다
import,수입 /수입하다
elder,손위의· 연상의· 원로들· 어른들
depress,풀이 죽게 하다· 우울하게 하다
fascinate,매혹시키다· 남의 마음을 빼앗다
violent,난폭한· 격렬한· 폭력적인
alarm,경보(기)· 자명종· 놀람· 놀라게 하다
edge,가장자리· 날· 테두리· 모서리
deserve,~을 받을만 하다· ~할 가치가 있다
route,길· 통로· 노선
psychology,심리학
mole,두더지· 피부의 검은 점
passion,열정· 정열· 수난곡
weed,잡초
conscience,양심· 의식
consider,깊이 생각하다· 고려하다
salary,봉급· 월급· ~에게 봉급을 주다
pose,자세· 포즈· 자세를 취하다
purchase,구매· 구입하다· 사다
length,길이· 가로
occupy,(장소를) 차지하다· 점유하다
acquire,획득하다
interact,상호 작용하다· 서로 영향을 주다
decide,결정하다· 결심하다
lifetime,일생· 생애
decade,10년간· 10년
grain,곡식· 곡물· 낟알
meaningful,의미심장한· 뜻있는
brief,브리핑하다· 짦은· 잠시의
severe,엄격한· 심한· 맹렬한
survival,생존
comment,논평· 주석· 주석을 달다
leap,도약하다· ~을 뛰어넘다
survey,조사·개관 /점검하다· 조사하다
mechanic,기계공· 정비공
mood,(일시적인)기분· 마음· 분위기
mere,단지 ~에 불과한
typical,전형적인
approve,승인하다· 찬성하다
rural,시골의· 지방의
finance,재정· 재무· 금융· 자금을 조달하다
operation,수술· (기계의)운전· 작동· 연산
crime,범죄
awful,무서운· 끔찍한
series,연속물· 연재물
exhausted,소모된· 고갈된
flu,독감
surround,둘러싸다· 포위하다· 에워싸다
display,진열하다· 전시하다· 진열· 전시
policy,정책· 방침
mass,덩어리· 모임
committee,위원회
accurate,정확한· 정밀한· 엄밀한
arrange,정돈하다· 정렬시키다
consult,의견을 듣다· 조언을 구하다
reward,보상하다· 보상· 포상
recover,건강을 회복하다· (잃은 것을)되찾다
facility,수월· 평이
shred,조각· 끄트러기· 갈가리 찢어지다
downtown,도심지· 중심가
attach,(문서를)첨부하다·(중요성을)부여하다 
monster,괴물
enormous,거대한· 막대한
domestic,가정의· 국내의
elementary,초보의· 기본의· 초등학교의
refer,언급하다· 참조하다
gap,간격· 차이· 틈
Renaissance,문예부흥· 르네상스
journey,여행· 여정· 여행하다
plain,명백한· 쉬운· 솔직한
previous,이전의· 앞의
slight,약간의· 근소한
leisure,여가· 한가한 시간
produce,생산하다
stroke,한번 치기· 발작
break,부러지다· 파손되다· 짧은 휴식
breed,(새끼를) 낳다· 기르다
muscle,근육· 근력
delay,~을 늦추다· 연기하다· 지연· 연기
file,파일· 자료· 파일을 정리하다
ethic,도덕상의· 윤리적인
instant,즉석의· 즉석식품
reveal,드러내다· 누설하다· 나타내다
include,포함하다
urban,도시의
witness,증언· 증인· 목격하다
admit,허락하다· 인정하다
device,장치· 고안· 도안
owe,은혜를 입다· ~의 덕분이다· 빚을 지다
intend,의도하다(to)
award,상· 상금
preserve,~을 보존하다· 보호하다
underground,지하의· 비밀의· 지하에
consequence,결과· 결말
aspect,국면· 양상· 측면
target,과녁· 목표
headache,두통
horizon,수평선· 지평선
accomplish,이루다· 성취하다
surf,파도타기· 서핑하다
adopt,~을 채택하다· 양자로 삼다· 채용하다
potential,잠재적인· 가능성이 있는· 잠재력
slip,미끄러지다· 미끄러짐· (발을)헛디딤
civilization,문명
row,줄· (가로)열
atmosphere,대기(권)· 주위의 분위기
label,꼬리표· 이름표· 라벨
decorate,꾸미다· 장식하다
identify,확인하다· 동일시하다· 식별하다
secretary,비서· 사무관· (S-)장관
scale,규모· 축척· 저울
addict,탐닉하다
evident,분명한· 명백한
seldom,좀처럼 ~않다· 매우 드물게
standard,표준· 기준· 표준의
basis,기초· 근거· 토대
automatic,자동의
region,지방· 지역
sake,위함
artificial,인조의· 인공의· 인위적인
possess,소유하다· (능력 등을) 갖추다
substance,물질· 본질· 실체
realistic,현실주의의· 현실적인
physics,물리학
encounter,마주치다· 우연히 만나다
differ,다르다· 틀리다
principle,원리· 원칙· 주의
memorize,외우다· 기억하다
evaluate,평가하다
fulfill,(약속· 의무를) 이행하다· 완수하다
stink,고약한 냄새가 나다
tremendous,무서운· 무시무시한
application,적용· 응용· 신청서
vote,투표하다· 투표
railroad,철도· 철도 선로· ~을 철도로 수송하다
cooperate,협력하다· 협동하다· 협조하다
emit,발하다· 방출하다
request,요청(부착)하다· 신청하다· 요청
guarantee,보증· 보증서· 보증하다
resist,저항하다· 반대하다· 견디다
grant,허가· 인가· 승인하다· (기도) 들어주다
permanent,영구적인· 불변의
emergency,비상사태· 위급 상황· 비상용의· 위급한
rid,제거하다
impact,충돌· 충격
theme,주제· 테마
rely,의지하다
hesitate,망설이다· 주저하다
location,위치· 장소· 야외 촬영
organism,유기체· 유기물
resolve,용해하다· 분해하다
curve,곡선· 커브· 곡선으로 나아가다
suitable,적절한· 적당한· 알맞은
distribute,분배하다· 배포하다· 유통하다
restrict,제한하다· 한정하다· 금지하다
rainforest,(열대) 우림
circumstance,상황
interpret,해석하다· 통역하다
recite,암송하다· 낭독하다
annoy,괴롭히다· 성가시게 굴다· 귀찮게 하다
frighten,놀라게 하다· 무섭게 하다
estimate,견적· 평가· 견적서
cabin,객실· 오두막집· 선실
adventure,모험· 모험심
entrance,입구· 입장· 입학
persuade,설득하다
gear,기어· 톱니바퀴
ray,광선· 빛나다· 방사하다
release,석방· 해방· 발매하다· 풀어주다
slave,노예
perceive,인지하다· 인식하다
rank,계급· 지위· 열· 등급을 매기다
offer,제안하다· 신청하다· 제안· 신청
symphony,교향곡· 심포니
envy,부러움· 질투· 부러워하다· 질투하다
corporate,회사의
autograph,자필· 친필
retire,은퇴하다· 퇴직하다
appeal,간청하다· 애원· 간청
identical,동일한· 일치하는
innocence,순결· 무죄
investment,투자
authority,권위· 권한· 당국
alternative,대신의· 대체의· 대안· 다른 방도
infant,유아· 갓난아기· 영아
calculate,계산하다
charity,자선· 자선 단체· 자비
receive,받다
whereas,~에 반하여
broad,폭이 넓은
ignorant,무지한· 무식한
depend,의지하다· 신뢰하다
pure,순수한· 결백한· 깨끗한
extinct,(불이)꺼진· 멸종한
household,가족· 세대
chapter,장· 장으로 나누다
refund,환불· 반환· 환불하다
institute,협회· 학회· 연구소
lately,요즘· 최근에
accept,받아들이다
ashamed,창피한· 부끄러워하는(of)
dense,빽빽한· 밀집한
rescue,구조하다· 구하다· 구조
continue,계속하다
destination,목적지· 행선지
expand,확장하다· 확대하다· 팽창하다
evolution,진화· 전개
isolate,고립시키다· 격리시키다
gravity,중력· 인력· 진지함
genuine,진짜의· 성실한· 순종의· 진품의
status,지위· 신분· 상태
compete,경쟁하다· 겨루다· 필적하다
military,군대의· (the~)군대· 군인
logic,논리· 조리· 타당성
commit,(죄· 잘못 등을) 저지르다· 맡기다
sensible,분별(양식)이 있는· 현명한
sum,합계· 금액· 합· 합계하다· 요약하다
conserve,보존하다· 보호하다
swing,~을 흔들다· 흔들리다· 흔들림· 그네
reproduce,재생하다· 복사하다· 번식하다
tone,어조· 음색· 색조
concept,개념· 관념
invitation,초대· 초대장
precise,정밀한· 정확한
formal,격식을 차린· 형식적인
particle,입자· 미량· 티끌· 미립자
cancel,취소하다· 중지시키다
departure,출발· 출항
apparent,명백한· 분명한· 확실히 보이는
visual,시각의· 보는
agriculture,농업· 농사· 농예
rite,의례· 의식
poverty,빈곤· 가난· 결핍
sculpture,조각· 조각하다
descend,내려가다· 전해지다
leak,새다· 새는 곳(구멍)
portion,한 조각· 일부· 몫
companion,동료
diligent,부지런한· 근면한
distinct,별개의· 다른· 구별되는
component,구성하고 있는· 성분을 이루는
current,현재의· 해류· 조류
universal,우주의· 보편적인
trap,덫· 함정· 올가미
eager,열심인· 갈망하는
legal,합법적인· 법률의· 법정의
demonstrate,(시범으로) 설명하다· 실지로 해보다
democracy,민주주의· 민주 국가
mature,익은· 성숙한· 성숙하다· 익다
brilliant,(두뇌가) 명석한· 빛나는· 훌륭한
annual,해마다의· 1년간의
faith,믿음· 신앙· 신뢰
spare,여분의· 예비품· 아껴두다· 떼어두다
transfer,갈아타다· 전근·전학시키다· 환승
refrigerator,냉장고
oppose,반대하다· ~에 반항하다
desperate,자포자기의· 절망적인
remote,먼· 먼 곳의· 외딴· 외진
offend,성나게 하다· 기분 상하게 하다
awake,깨어 있는· 잠에서 깨다
vigor,활기· 원기
insight,통찰· 통찰력
achieve,달성하다· 성취하다
civil,시민의· 민간인의
complicated,복잡한· 뒤얽힌· 까다로운
falsify,위조하다· 변조하다
prove,~을 증명하다· ~으로 판명되다
minor,적은· 사소한· 소수의· 미성년자
duty,의무· 임무· 관세· 세금
pause,일시 중지· 멈추다
option,선택권· 선택
digest,소화하다
shortage,부족· 결핍
laboratory,실험실· 연구소
generous,관대한· 너그러운· 아량 있는
laundry,세탁물· 세탁소
transform,변형시키다· 변형하다· 변화시키다
discipline,훈련· 규율· ~을 훈련하다
kindergarten,유치원
forbid,금지하다· 금하다
ultimate,최후의· 궁극적인
thrive,번창하다· 번영하다
royal,왕실의· 국왕의
ruin,파괴· 폐허· 파멸시키다· 파괴하다
arrive,도착하다
evil,악· 나쁜· 사악한
horror,공포· 전율
worship,예배· 숭배· 예배하다· 숭배하다
afterward(s),후에· 나중에
client,의뢰인· 고객
insure,보험에 가입하다
scarce,부족한· 품귀의
fancy,공상· 고급의· ~을 좋아하다
surgery,외과· 수술
assign,할당하다· 배당하다
regulate,규정하다· 조절하다
shelf,선반
highway,주요 도로· 간선 도로
utility,유용· 유익· 실용
yield,(제품을)산출하다· 양보하다
decline,(아래로) 기울다· 사양하다
aside,별도로 하고· 곁에
tolerate,관대히 다루다
cottage,작은 시골집· 오두막집
coincidence,일치· 부합
contemporary,동시대의· 그 당시의
bless,축복하다· 은혜를 베풀다
prey,먹잇감· 희생· 포식하다
prior,앞서의· 사전의
necessity,필요· 필요성· 필수품
abstract,추상적인· 요약· 개요· 발췌
measure,재다· 측정하다· 측정· 대책
fuse,도화선· 퓨즈
confirm,확인하다
explain,설명하다
imitate,모방하다· 따라하다
defeat,물리치다· 패배시키다
equilibrium,균형· 평정
illustrate,설명하다· 삽화를 넣다
pupil,학생· 제자
intellect,지력· 지성
spice,양념· 향신료
tempt,유혹하다
inspire,격려하다· 분발시키다· 영감을 주다
dine,식사를 하다· ~에게 정찬을 대접하다
literally,문자 그대로· 글자 그대로
resort,유흥지· 휴양지
grab,움켜쥐다· 잡아채다· 움켜잡기
alien,외계인
alcohol,알코올· 술
wreck,난파· 파괴· 파괴하다
triumph,승리· 승리를 거두다
document,문서· 서류
suspect,~을 의심하다· 용의자
propose,제안하다· 신청하다
install,(장치를) 설치하다
prohibit,금지하다
appropriate,적당한· 적절한 /충당하다· 도용하다
scholarship,학식· 장학금
execute,실행하다· 수행하다· 집행하다
deviation,탈선· 일탈
receipt,영수증· 수령(受領)
defect,결점· 결함
commute,통근하다· 감면하다· 통근· 통학· 감면
trait,특색· 특성
split,쪼개다· 균열
modest,겸손한· 온당한
virtual,가상의
nutrition,영양· 영양공급
inner,안의· 내부의
contrary,반대되는· 반대
ensure,보장하다· 보증하다· 확실하게하다
supervise,감독하다· 관리하다· 지휘하다
inhabit,거주하다· 서식하다
earthquake,지진
enroll,등록하다
seal,도장· 인장
greed,탐욕· 욕심
debate,토론하다· 논쟁하다· 토론· 논쟁
compare,비교하다(with)· 비유하다(to)
abandon,버리다· 버리고 떠나다
conquer,정복하다· 이기다· 극복하다
nevertheless,그럼에도 불구하고
altruism,이타주의
contract,계약하다 /계약
retail,소매· 소매로· 소매하다
prejudice,편견· 편견을 갖게 하다
agency,대리점· ~청· 대행사
nurture,양육· 양육하다
priest,성직자· 사제· 승려
elegant,품위 있는· 우아한· 고상한
appear,나타나다· ~인 듯하다
impose,부과하다· 강요하다
masterpiece,걸작· 명작
harsh,거친· 가혹한· 엄한· 척박한
drought,가뭄· 한발
arise,일어나다· 생기다
criteria,판단 기준(복수형)
extraordinary,비범한· 이상한
swallow,삼키다· 제비
dim,어둑한· 어스레한· 어둠침침해지다
general,일반적인· 대체적인· 장군
scream,소리치다· 비명을 지르다· 비명
strenuous,피나는· 격렬한
spill,흘리다· 엎질러지다
glare,번쩍이는 빛· 섬광· 노려보기
modify,수정하다· 변경하다
usual,보통의· 평상시의· 흔히 경험하는
routine,판에 박힌 일· 일상의
eliminate,제거하다
deny,부인하다· 거부하다
sensitive,예민한· 민감한
tragic,비참한· 비극적인· 비극의
deprive,박탈하다
interfere,방해하다· 간섭하다· 훼방하다
temporary,임시의· 일시적인· 한때의
council,심의회
adolescent,청춘의
arctic,북극의· 북극지방의
capture,포획하다· 사로잡다· 붙잡다· 함락시키다
dilute,묽게 하다· 희석하다
associate,관련시키다· 연합시키다
warehouse,창고· 저장소
crew,승무원· 선원
barrier,장벽· 장애물
pedestrian,도보의· 보행자
welfare,복지· 후생
errand,심부름· 침식하다· 부식하다
irritate,화나게 하다· ~을 짜증나게 하다
glance,흘긋 봄· 흘긋 보다
cruel,잔인한· 무자비한· 잔혹한
fold,접다· 개다· 주름
trial,재판· 시도
tribe,부족· 종족· 족
profound,깊은· 심오한
annals,연대기
distinguish,구별하다· 두드러지게 하다· 분간하다
statement,진술· 성명· 명세서
prevail,우세하다· 널리 보급되다
infection,전염· 감염
widespread,보급된· 만연한
drastic,격렬한· 맹렬한
fade,흐릿해지다· 희미해지다
stiffen,뻣뻣하게 하다· 딱딱하게 하다
weapon,무기· 병기
reinforcement,강화
germ,세균· 병원균
endanger,위태롭게 하다· 위험에 빠뜨리다
pile,더미· 쌓이다· 모으다
atom,원자· 원자력
peer,동료· 귀족· 응시하다
enrich,부유하게 만들다· 풍부하게 하다
protect,보호하다
renew,새롭게 하다· (계약을) 갱신하다
adjust,맞추다· 조정하다
noble,귀족의· 고결한· 귀족
candidate,후보자· 지원자· 입후보자
ideal,이상적인· 이상· 목표
result,결과· (복수형)성적· (결과로)일어나다
ethnic,민족의· 인종의
foretell,예언하다· 예고하다
wonder,경이· 놀라다· ~이 아닐까 생각하다
wholesale,도매의· 대대적인
debt,빚· 부채
representative,대표자· (미국)하원의원· 대표적인
oral,구두의· 구술의
realize,실현하다· 깨닫다· 실감하다
excess,과다· 잉여· 과잉
appliance,적용· 응용
furthermore,더군다나· 더구나
command,명령· 지휘· 지휘하다
ecosystem,생태계
nap,낮잠· 선잠· 졸기
fame,명성· 명예
shift,이동하다· 옮기다· 근무조
outstanding,탁월한· 현저한
drift,표류하다· 표류· 경향
mislead,잘못 인도하다
dedicate,바치다· 헌납하다
avoid,피하다· 회피하다
initial,처음의· 초기의· 머리글자
beard,턱수염
haste,급함· 서두름· 서두르다
crush,파쇄· 뭉개다
confront,직면하다· 마주 대하다
destiny,운명· 숙명
hardship,곤란· 고난· 곤궁
valid,(법률적으로) 유효한· 근거가 타당한
entire,전체의· 전부의· 완전한
dispose,~을 처리하다(of)· ~을 처분하다(of)
optimal,최선의· 최적의
hydrogen,수소
thread,실· (바늘에) 실을 꿰다
dynasty,왕조
scatter,흩뿌리다· 뿌리기
gamble,도박을 하다· 내기를 하다
temper,기질· 기분· 성질
craft,수공예품· 기교· 솜씨· 정교하게 만들다
undoubtedly,틀림없이· 확실히
raft,뗏목
minimal,최소의· 극미한
soak,젖다· 적시다
exist,존재하다
combat,전투· 싸우다
cease,그만두다· 중지하다· 그치다
ceiling,천장
unify,통일하다· 통합하다
perspective,원근법· 전망
doom,운명· 숙명· 운명 짓다
bump,충돌· 부딪치다· 충돌하다
genre,유형· 장르
erase,지우다
moderate,적당한· 온건한· 누그러뜨리다· 완화하다
graze,가축을 방목하다
vital,생명의· 치명적인· 필수적인
incident,사건
session,개회 중· 회기
fragile,망가지기 쉬운· 허약한
review,복습하다· 복습· 평론· 재검토하다
geometry,기하(학)
budget,예산· 경비· 운영비
myth,신화
fur,모피· 부드러운 털
indifferent,무관심한· 냉담한
strain,잡아당기다· 긴장시키다
obvious,명백한· 분명한· 눈에 거슬리는
ingredient,성분· 요인
dismiss,해고하다· 해산시키다· 떠나게 하다
glacier,빙하
urge,충동· 재촉하다· 몰아대다
celebrity,명성· 유명인· 연예인
antique,골동품의· 골동품
sphere,구· 구체· 영역
inherit,상속하다· 물려받다
disgrace,창피· 치욕· 망신
crawl,기어가다· 느릿느릿 움직이다
scratch,할퀴다· 휘갈겨 쓰다· 긁다· 생채기
diabetes,당뇨병
congestion,혼잡· 과밀
constitute,구성하다· 조직하다
barter,물물 교환하다
investigate,~을 조사하다· 취조하다
circular,원형의· 둥근
chilly,쌀쌀한· 차가운· (태도가) 냉담한
profit,이익· 이득· 수익
fierce,사나운· (비바람· 더위· 추위가)맹렬한
vague,어렴풋한· 막연한
editorial,사설
content,내용· 함유량· 만족
flow,흐르다· 흐름
obstacle,장애· 방해
fertile,비옥한· 기름진· 다산의
abolish,(법률・제도・조직을)폐지하다
assure,확신시키다· 확실하게 하다· 보증하다
rehearsal,예행연습
gender,성· 성별
innovation,혁신· 쇄신
emperor,황제
dwell,살다· 거주하다
opponent,반대자· 적수· 상대
chore,허드렛일· 잡일· 잡일을 하다
fossil,화석· 연장자
glitter,반짝반짝 빛나다· 반짝이는 빛
carve,새기다· 조각하다
decay,썩다· 부패하다
protein,단백질
backward,거꾸로· 소급하여· 뒤로
tissue,직물· (세포) 조직
refresh,상쾌하게 하다· 새롭게 하다
present,발표하다· 현재의· 출석한· 현재· 선물
form,형성하다· 형식· 형태· 서식· (기입)용지
lord,지배자· 군주
substitute,~에 대신하다· 대용하다· 대리인
scan,자세히 조사하다
pottery,도자기· 자기류
layer,층· 겹· 계층
rise,오르다· 떠오르다· 상승하다
radiant,빛나는· 발광체
exclaim,외치다· 소리치다
polish,닦다· 광을 내다
flavor,맛· 풍미
imprint,찍다· 날인하다· (누르거나 찍은) 자국
heritage,상속재산· 유산
strive,노력하다· 분투하다· 애쓰다
property,재산· 자산· 소유권
majesty,위엄· 장엄
portray,(글이나 말로) 묘사하다
subscribe,구독하다· 가입신청하다
shrug,으쓱하다· 으쓱하기
wage,임금· 급료
asset,자산
intimate,친밀한· 친한
merit,장점
launch,~에 착수하다· 진수시키다· 발사하다
conference,회의
reception,응접· 환영회
administer,관리하다
vicious,악덕의· 악의 있는· 나쁜
cherish,소중히 하다· 마음에 품다
accuse,고발하다· 비난하다· 고소하다
eternal,영원한· 끝없는· 불변의
shrink,(천이) 줄어들다· (수량· 가치가) 줄다
overwhelm,~을 압도하다· 당황하게 하다
transmit,보내다· 전도하다
copper,구리· 동
orbit,궤도· 선회하다· 궤도를 그리며 돌다
colleague,동료
discard,버리다· 폐기하다
famine,기근· 배고픔· 기아
pill,알약
enhance,향상하다· 높이다
immune,면역성의· 면제한
superior,뛰어난· 우수한· 상관
string,끈· 일련· 현
cope,대처하다· 극복하다
raw,날것의· 익히지 않은
apply,지원하다· 신청하다· 적용하다(to)
cattle,소(집합적· 복수 취급)
loan,빌려 주다· 대여· 차관
obedient,순종하는· 고분고분한
procedure,순서· 절차
bond,묶는 끈· 증서
therapy,치료· 요법
subtle,미묘한
depict,그리다· 묘사하다
radical,근본적인· 급진적인
angle,각도· 각
caution,조심· 신중· 경고
persist,고집하다· 주장하다
reverse,거꾸로 하다· 반대의· 거꾸로
architecture,건축· 건축학
territory,영토· 지역· 영지
strategy,전략
hence,그럼으로· 지금부터
panic,공황· 공포· 정신을 잃게 하는· 당황하다
wilderness,황야· 황무지
attract,매력을 느끼게 하다· (관심 등을) 끌다
category,범주· 카테고리
murder,살인· 살인하다
funeral,장례의· 장례식· 장례
humiliation,창피함· 굴욕· 수치
flush,(얼굴을) 붉히다· 왈칵 쏟아지다
omit,빠뜨리다· 생략하다
outcome,결과· 성과
alert,경보· 경계시키다
despair,절망· 자포자기
compact,빽빽한· 밀집한· 빽빽이 채워 넣다
likewise,똑같이· 마찬가지로· 또한
astonish,깜짝 놀라게 하다
optimistic,낙관적인· 낙천적인
loyal,충성스러운· 성실한· 충직한
humid,눅눅한· 습기 찬
pretend,~인 체하다· 가장하다
deluxe,호화로운
delicate,섬세한· 민감한
inflate,부풀리다
adequate,적당한
physician,의사· 내과의사
joint,관절· 합동의· ~을 접합하다
via,경유하여· ~을 거쳐
passage,통행· (글의)구절
prefer,오히려 ~을 좋아하다· 차라리 ~을 택하다
vessel,그릇· 배· 용기
restore,복원하다· 수선하다
passive,수동적인· 소극적인
experience,경험하다· 경험
marble,대리석· 구슬
classify,분류하다· 등급으로 나누다
fundamental,기초의· 기본의
transaction,처리· 취급
sufficient,충분한· 족한
stable,안정된· 마구간
sympathy,동정· 연민· 공감
by-product,부산물
edible,식용의· 먹을 수 있는
federal,연방의· 동맹의· 연합의
bud,새싹· 봉오리
trivial,하찮은
anxiety,걱정· 열망
tablet,명판· 정제
prepare,준비하다
liquid,액체· 액체의· 유동성의
contend,다투다· 주장하다
outlook,조망· 전망
roam,돌아다니다· 배회· 방랑
decent,버젓한· 예의 바른
tenant,임차인
behalf,측· 편· 이익
suffer,고생하다· 고통을 겪다· 병을 앓다
distortion,일그러뜨림· 비틀어짐
infinite,무한한· 무수한
anticipate,예상하다· 예감하다
symbolic,상징하는
municipal,도시의· 자치도시의
phenomenon,현상
peasant,농부· 시골뜨기· 소작농
concern,걱정하다· 관심을 갖다· 관심· 걱정
worthwhile,할 보람이 있는· 애쓸 가치가 있는
pavement,포장도로
dioxide,이산화물
diminish,줄이다· 감소시키다
jealous,시기하는
limp,절뚝거리기· 다리를 절다
exclude,배척하다· 배제하다
flexible,구부리기 쉬운· 융통성 있는
nominate,지명하다· 임명하다· 추천하다
sacred,신성한
ranch,목장에서 일하다· 목축장· 목장
support,지지하다· 후원하다· 지지
mammal,포유동물
iceberg,빙산
monetary,화폐의· 재정의
revise,개정하다
resent,분개하다
superb,훌륭한· 뛰어난· 최고의
abrupt,갑작스런· 퉁명스러운
diverse,다양한· 가지각색의
internal,내부의· 안의
gloom,우울· 어둑해지다· 우울해지다
amplify,확대하다· 확장하다
refine,정제하다· 세련되다
dynamic,동력의· 동적인
nerve,신경
prompt,신속한· 기민한
suspend,(일시적으로) 중지하다
control,제어· 제어하다
distraction,주의산만· 방심
collapse,무너지다· 붕괴시키다
monologue,독백
martial,전쟁의· 군사의
deliberate,신중한· 고의의· 의도적인
trigger,방아쇠· 방아쇠를 당기다
plot,음모· 줄거리· 책략
rod,막대· 낚싯대
Atlantic,대서양의· 대서양
industry,산업· 공업· 근면
weird,기괴한· 불가사의한
suggest,암시하다· 제의하다
partial,부분적인· 일부분의
priceless,대단히 귀중한
mutual,서로의· 상호의
fate,운명· 숙명
booth,노점· 매점· 부스
pursue,뒤쫓다· 추구하다
prescribe,(약을) 처방하다
erupt,분출하다· 분화하다· 폭발하다
insult,모욕 /모욕하다
gaze,응시하다· 응시
supreme,최고의· 최상의
lever,지레· 레버
paralysis,마비
dominate,지배하다· 위압하다
vehicle,탈것· 운송수단
context,문맥
brochure,소책자· 브로슈어
sew,꿰매다
masculine,남성의· 남자의
force,힘· 폭력· (복수형)군대· 억지로 ~시키다
frown,(얼굴을) 찡그리다
vest,조끼
astound,놀라게 하다
dictator,독재자
alley,뒷골목· 좁은 길
gain,얻다· 획득하다· 이익
crucial,결정적인· 중대한
curriculum,커리큘럼· 교육과정
deck,갑판
complete,완전한· 완성하다
miserable,비참한· 불쌍한· 곤궁한 사람
tease,놀리다· (짓궂게) 괴롭힘
aggressive,침략적인· 공격적인
attribute,~의 탓으로 돌리다
foster,조성하다· 발전시키다
rob,(물건을)빼앗다· (집· 은행 등을)털다
postpone,연기하다· 뒤로 미루다
abuse,남용· 오용· 학대· 학대하다
blueprint,청사진
unemployed,일이 없는· 실직한
breakdown,고장· 파손
disguise,변장· 위장· 감추다
tin,주석· 양철
sermon,설교
psychologist,심리학자
output,산출· 생산(량)
sprout,새싹· 새싹이 돋아나다
rear,기르다· 뒤· 배후
reform,~을 개선하다· 개혁하다· 개선
deal,거래· 다루다· 처리하다· 대우하다(with)
recruit,신병을 모집하다· 신병
choke,질식시키다· 숨 막히게 하다
workshop,일터· 연수회· 워크샵
patient,환자· 참을성 있는
convention,관습· 관례· 대회· 전당대회
devastate,유린하다· 황폐시키다
reap,~을 수확하다· 베다
overlook,~을 내려다보다· 눈감아주다· 간과하다
troop,무리· 떼· (복수형) 군대
reject,거부하다· 거절하다
nourish,영양분을 공급하다
bay,만· 궁지
stun,기절시키다
goodwill,호의· 친선
bulletin,게시· 고시
fluid,유동성의· 유동체· 액체
affair,일· 사건· 사무
dawn,새벽· 동틀 녘· 여명
hostile,비우호적인· 적의를 가진
tray,쟁반· 칸막이 상자
respect,존경하다· 존중하다· 존경· 존중
await,기다리다· 대기하다
mow,베다· 풀을 베다
lease,차용계약· 임차권
racial,인종의
concrete,구체적인· 콘크리트
satisfy,만족시키다
kettle,솥· 주전자
perseverance,인내(력)
fatal,치명적인· 숙명적인· 운명의
compensate,~에게 보상하다· ~에게 변상하다
invert,거꾸로 하다· 뒤집다
reign,통치· 지배
convert,전환하다
crack,금· 날카로운 소리· 금이 가다
startle,깜짝 놀라게 하다· 놀람
discourage,낙담시키다· 단념시키다(=deter)
pierce,구멍을 뚫다
tension,긴장· 긴박· 팽팽함
strike,때리기· 파업· 때리다· 파업을 하다
suppress,억압하다· 억제하다· 억누르다
core,핵심· 정수
contribute,~에 기여하다· 공헌하다
spear,창
renowned,유명한· 명성이 있는
era,기원· 시대
withdraw,인출하다· 취소하다· 철회하다
immigrate,(타국에서) 이주해오다· 이주하다
dignity,존엄
notify,(정식으로) ~에게 통고하다
animate,살리다· 생명을 불어넣다
tender,부드러운· 연한
bilingual,2개 국어를 하는
mischief,장난· 손해· 장난기· 해악· 위해
discriminate,구별하다· 식별하다
maintain,유지하다· 주장하다
adhere,부착하다
judge,~을 재판하다· 재판관· 판사
peculiar,독특한· 고유한
sanitation,위생· 위생시설
folktale,민간 설화
simultaneously,동시에
groom,(동물을) 손질하다
supernatural,초자연의· 불가사의한
prevent,~을 막다· 예방하다
instinct,본능· 직관
gigantic,거인 같은· 거대한
meditate,명상하다· 곰곰이 생각하다
exemplify,예시를 들다
remove,옮기다· 제거하다
afflict,괴롭히다
literate,읽고 쓸 수 있는
coherent,일관성 있는· 논리 정연한
intolerable,견딜 수 없는· 참을 수 없는
fountain,분수· 샘· 수원
bold,대담한· 뻔뻔스러운· 용감한· 굵은
compliment,경의· 칭찬· 축사
summit,정상· 꼭대기
deliver,배달하다· (편지를) 송달하다· 연설하다
alter,바꾸다· 고치다
conceive,마음에 품다· 고안하다
durability,내구성
destroy,파괴하다
shallow,얕은· 얄팍한
face,얼굴· (표)면· 외관· (사실에) 직면하다
particular,특별한· 특수한
grasp,붙잡다· 움켜쥐다· 파악하다· 움켜쥠 
overall,전반적인
weep,눈물을 흘리다
superstition,미신
colony,식민지· 이주지· 거류지
absurd,터무니없는
dormitory,기숙사
casual,평상복의· 간편한· 우연의· 즉석의
prone,납작 엎드린· ~의 경향이 있는
conceal,숨기다
retreat,퇴각· 퇴거· 후퇴하다
compulsive,강제적인· 억지로의
clinic,진료소· 개인(전문) 병원
banner,현수막
formula,식· 공식
vow,맹세하다· 단언하다
malnutrition,영양실조
tame,(동물이)길들인· 온순한· ~을 길들이다
undergo,(과정 등을) 겪다· 경험하다
boast,자랑하다· 자랑· 허풍
neutral,중립의· 중성의· 중립
stain,오점· 더러워지다
wrestle,레슬링하다· 맞붙어 싸우다
tendency,경향· 추세
float,뜨다· 떠다니다
applause,박수
incentive,(생산성 향상을 위한) 장려금· 우대책
sensation,감각· 지각
Confucian,공자의· 유교의
draft,도안· 밑그림· 초안을 잡다
crude,가공하지 않은· 천연의
supplement,보충하다 /보충
velocity,속력· 속도· 속도를 올리다· 가속화하다
relate,관계가 있다· 관련시키다· 말하다
molecule,분자· 미분자
reed,갈대
dismay,당황· 낙담
diagnose,진단하다
trim,정돈하다· 손질하다
reservoir,저장소· 저수지
conform,순응하다· 따르게 하다
spacious,넓은· 광범위한
weave,짜다· 뜨다· 엮다
ceremony,의식· 식
motive,동기
prominent,현저한· 저명한
arch(a)eology,고고학
rigid,굳은· 완고한
inferior,하위의· 열등한· 열등한 사람
subtract,빼다· 덜다
impulse,충동· 추진· 충격
utmost,극도의· 극단의
proficient,숙달된· 능숙한
accumulate,축적하다
navigate,항행하다
equity,공평· 공정
violate,(법률 또는 약속을) 어기다· 위반하다
ambitious,야심 있는· 야심만만한
intact,손대지 않은· 본래대로의
plea,탄원· 청원· 변명
anecdote,일화
versus,(소송· 경기에서) ~대
embody,구체화하다· 유형화하다
characteristic,특색· 특성
pledge,맹세하다· 맹세· 공약
boundary,경계(선)
attack,공격하다· 공격
confine,제한하다· 가둬놓다
dispatch,급파하다· 파병하다
diameter,직경· 지름
ultrasound,초음파
propriety,타당· 예의바름
attend,출석하다· 돌보다· 주목하다
shrub,키 작은 나무· 관목
consist,~으로 이루어지다· ~에 있다
cost,비용· 희생· 값
geology,지질학
detect,알아내다· 감지하다
temperate,온화한· 삼가는
soar,높이 치솟다· 날아오르다
mock,조롱하다· 놀리다
disclose,들추어내다· 폭로하다
exhibit,전시하다· 
symptom,징후· 조짐
damp,축축한· 습기· 축축하게 하다
awkward,서투른· 어색한· 다루기 어려운
grind,갈다· 분쇄하다
expose,폭로하다· 드러내다
closet,벽장· 작은 방· 밀실에 들어앉히다
manage,운영하다· 경영하다
script,손으로 쓴 글· 대본
suitor,제소자· 원고
fad,유행· 도락
sibling,형제(의)· 자매(의)
linger,오래 머무르다
flourish,번영하다· 우거지다
discharge,짐을 내리다· 석방하다
thorough,철저한· 완전한
undertake,떠맡다· 책임을 지다
cord,코드
linguistic,어학의· 언어의
remedy,치료· 고치다
sole,오직 혼자의· 유일한
sophomore,(대학· 고교의) 2학년
panel,판넬· 패널
storage,저장· 보관· 창고
pillar,기둥
explode,폭발하다
illusion,환영· 환각
swamp,늪· 물에 잠기게 하다
coffin,관· 입관하다
divine,신의· 신성의
corrupt,부패한· 타락한· 썩은
probe,탐침· 탐침으로 찾다
factual,사실에 입각한· 사실의· 사실에 관한
regret,후회하다· 유감으로 생각하다· 후회
expedition,탐험· 탐험대· 원정대
abnormal,비정상적인
possibility,가능성
revive,소생시키다· 되살아나다
stool,(등받이 없는) 의자
hinder,방해하다
flattery,아첨· 아부
virtue,미덕· 덕
deadline,경계선· 마감 시간
equator,적도
cognitive,인식의
motion,움직임· 동작· 운동
bounce,튀어 오르다· (수표가) 부도나 돌아오다
return,돌아오다(가다)· 돌려주다· 귀환· 반납
imprison,투옥하다· 감금하다
enlist,병적에 편입하다· 입대하다
hygiene,위생학· 위생상태
trace,자취· 흔적· 자국
pulse,맥박
controversy,논쟁· 논의
locate,장소를 정하다· 위치를 찾다
patent,특허(권)
lyric,서정시· 가사(歌詞)· 서정적인
convenience,편리· 편리한 것
rush,돌진하다· 급히 하다· 돌진
carbon,탄소· 카본지
contaminate,오염시키다· 더럽히다
external,외부의· 밖의
herd,(짐승의) 떼· 무리· 모으다
allocate,할당하다· 분배하다
gorgeous,호화로운· 멋진
confess,자백하다· 고해하다
subjective,주관적인
hell,지옥
acknowledge,인정하다· (~을) 받았음을 알리다
accord,일치하다· 조화시키다
immense,막대한· 무한한
extract,뽑아내다· 추출하다
sewage,하수· 오수
reconciliation,조정· 화해
amid,~의 한가운데에
warrant,근거· 정당한 이유· 보증
complement,보충제· 보완하는 것
ceramic,세라믹(의)· 도기(의)
licence/-se,면허· 면허증· 인가서
emerge,(서서히) 드러나다· 부상하다· 생겨나다
halt,정지하다· 멈추다· 정지
ivory,상아· 상아색· 상아의
ponder,숙고하다· 깊이 생각하다
lottery,복권· 추첨
remain,남다· ~인 채로 있다
burglar,강도
blame,나무라다· 비난하다· 책망· 비난
transplant,옮겨 심다
cluster,한 송이· 한 덩어리
borrow,빌리다
derive,끌어내다· ~에서 비롯되다
plague,역병· 전염병· 재앙· 애태우다
abundant,(자원이) 풍부한· 많은
graduate,졸업생(의)· 대학원생(의) /졸업하다
convey,나르다· 운반하다· 전달하다
depth,깊이· 입체감
evaporate,증발하다· ~을 증발시키다
lame,절름발이의· 절룩거리는
conduct,수행하다· 지휘하다 /수행· 처리
sour,(맛이)신· 시큼한
repetitive,되풀이하는· 반복성의
oppress,압박하다· 억압하다· 진압하다
leftover,나머지· 나머지의
embrace,(사상을) 채택하다· 얼싸안다· 포옹하다
blade,(풀)잎· (칼)날
certificate,증명서
duplicate,이중의· 복제의
remind,생각나게 하다· 상기시키다
altitude,고도
glimpse,~을 흘끗 보다· 흘끗 보기
blend,섞다· 혼합하다
swell,부풀다· 부어오르다
grief,슬픔· 비탄· 비통
beverage,음료
warrior,전사· 무인
earn,벌다· 일해서 얻다
slice,얇은 조각· 얇게 베다
exotic,외래의· 이국적인
arrogant,거만한· 오만한
vanish,사라지다· 없어지다
predominant,뛰어난· 탁월한
cozy,아늑한· 포근한
broker,중개인· 브로커
auction,경매
obsess,~에 사로잡히다· 강박감을 갖다
feed,먹을 것을 주다· 기르다· 먹이
outbreak,발발· 돌발
invent,발명하다
pioneer,개척자· 선구자
assert,단언하다· 주장하다
undo,(한 일을) 원상으로 되돌리다
bouquet,부케
elaborate,정교한· 공들인· 복잡한
toss,던지다· 던져 올리다
retain,(계속) 유지하다· 간직하다
radioactive,방사능의
buildup,조립· 조성· 형성
machinery,기계류· 기계 장치· 기구
passerby,지나가는 사람· 통행인
auditorium,강당
lay,(알을) 낳다· ~을 놓다· 눕히다
neglect,게을리 하다· 무시하다
feedback,귀환· 피드백
promote,진전시키다· 증진하다
impair,해치다· 손상하다
metaphor,은유(법)
dispense,분배하다· 베풀다
bruise,타박상· 멍들게 하다· 멍들다
race,경주· 인종· 민족
attorney,변호사· 대리인
framework,뼈대· 골조
heredity,유전· 세습
naive,순진한
shed,벗다· 발산하다· 흘리다
metropolitan,수도권의· 대도시의
shield,방패· 보호물
induce,권유하다· 꾀다
bazaar,상점가· 바자회
expel,쫓아내다· 추방하다· 내쫓다
plow,쟁기· (쟁기로) 갈다
prolong,늘이다· 연장하다
fluent,유창한
margin,가장자리· 변두리
ecology,생태학· 생태· 환경
interior,안쪽의· 안에 있는· 내부
ornament,장식· 장식품· 장식하다
separate,분리된· 별도의 /분리하다· 별거하다
ripe,여문· 익은
vibrate,진동하다
urgent,긴급한· 긴박한
speculate,숙고하다· 사색하다
epidemic,유행· 유행병· 유행성의
precede,선행하다· 앞서다
breathtaking,깜짝 놀랄만한
portfolio,대표 작품 선집· 포트폴리오· 유가 증권
beware,조심하다· 주의하다
handcuff,수갑· 쇠고랑· 수갑을 채우다
overturn,뒤집어엎다· 전복시키다
pregnant,임신하고 있는· 임신한
gross,뚱뚱한· 큰
paste,풀· 풀로 붙이다
summon,소집하다· 소환하다· 호출하다
assassinate,암살하다
vapor,증기· 증발시키다· ~을 무산시키다
tuition,교수· 수업(료)
loop,고리
literature,문학· 문헌
quote,인용하다
inhale,빨아들이다· 흡입하다
prospect,조망· 전망
anchor,닻· (단단히) 고정하다· 닻을 내리다
reference,참조· 참고· 언급
compound,합성의· 혼합물· 화합물· 복합의
withstand,저항하다· 반항하다
implement,이행하다· (조건을) 충족하다
anonymous,익명의
collide,충돌하다
memorial,기념물· 기념관· 기념의
vacant,비어 있는· 텅 빈
technical,기술적인
settle,자리 잡다· 진정시키다
orchard,과수원
sink,가라앉다· 침몰하다
proportion,부분· (~에 대한) 비율
antibiotic,항생물질의· 항생물질
overtake,따라잡다· 추월하다
resemble,~와 닮다
wander,떠돌아다니다· 헤매다
compassion,불쌍히 여김· 동정
preoccupation,선취· 선점
adapt,적응시키다· 순응하다
provoke,일으키다· 유발시키다
wicked,사악한· 심술궂은
sprain,(발목 등을) 삐다
address,주소· 연설· 연설하다· 주소를 쓰다
propaganda,선전· 유언비어· 허위 보도
consistent,일치하는· 시종일관된
disrupt,부수다· 붕괴시키다
solitary,고독한· 쓸쓸한
bury,(땅에) 묻다
transgenic,이식 유전자를 가진
rust,녹· 녹슬다
tariff,관세(제도)
referee,중재인· 심판
sector,구역· 부채꼴
boost,부양· 밀어 올리다· 부양시키다
gymnastics,체조· 체육
intelligence,지능· 지혜
crook,사기꾼· 갈고리· 구부리다
discuss,토론하다· 논의하다
beloved,사랑하는
yeast,효모· 이스트· 발효하다
skyscraper,초고층 건물
inquire,묻다· 조사하다
spade,가래· 삽
vacuum,진공· 진공청소기로 청소하다
migrate,이주하다· 이주시키다
spectacle,광경· 구경거리· 안경
surplus,나머지· 잉여· 잔여· 잉여의· 남는
overlap,(부분적으로) 겹치다
integration,통합· 집성
hypothesis,가설· 가정
affirm,확언하다· 확인하다
fortress,요새· 성채
armor,갑옷과 투구
cue,큐· 실마리
obscure,어두운· 모호한
divide,나누다
inborn,타고난· 선천성의
simulate,~을 가장하다
fatigue,피로· 피곤
clone,영양계· 분지계· 무성생식을 하다
peel,껍질을 벗기다· 껍질
ease,안락함· 편함· 용이함
except,~을 제외하고는· ~외에는
prophecy,예언
flea,벼룩
vaccine,백신의· 백신· 예방주사
tread,밟다· 걷다
vomit,구토하다
explore,탐색하다· 탐험하다
correspond,일치하다· 상당하다· 부합하다
cling,달라붙다· 매달리다
mutation,변화· 돌연변이
fund,자금· 기금
tyrant,폭군· 전제군주
odd,홀수의· 이상한· 기묘한
intriguing,음모를 꾸미는· 호기심을 자아내는
restrain,억제하다· 제지하다· 제한하다
bundle,묶음· 다발
enclose,둘러싸다· 에워싸다
insert,끼워 넣다· 삽입하다
keen,날카로운· 예리한
constrict,압축하다· 수축시키다
submit,제출하다
reputation,평판· 명성· 세평
measurement,측량· 측정
originate,근원이 되다· 비롯하다
flour,밀가루· 가루
testify,증명하다· 증언하다
Celsius,섭씨의
patriot,애국자
interchange,교환하다· 교체시키다
intuitive,직관적인
garment,의복· 옷
spontaneous,자발적인· 무의식적인
vertical,수직의· 수직선
manipulate,(사람· 여론을) 조종하다
rough,거친· 울퉁불퉁한
mentor,조언자· 스승
vivid,생생한· 활기찬· 선명한
pasture,목초지· 목장· 방목하다
humble,겸손한· 비천한
crust,(빵)껍질· 지각
inevitable,피할 수 없는· 필연적인
plunge,던져 넣다· 뛰어들다
gather,모으다· 모이다
emigrate,(타국으로) 이주하다
forehead,이마
deed,행위· 행동
skinny,깡마른· 피골이 상접한
grill,석쇠· 석쇠에 굽다
curse,저주· 저주하다· 욕을 하다
canal,운하
adverse,거스르는· 반대의
censorship,검열
wrist,팔목· 손목
nasty,불쾌한· 더러운
flaw,결점· 결함
outgoing,나가는· 떠나가는· 사교적인
dye,염료· 물감· 물들이다
foundation,설립· 근거· 재단
segregation,분리· 격리
cemetery,묘지
underlying,밑에 있는· 기초가 되는
contemplate,찬찬히 보다· 심사숙고하다
riddle,수수께끼
stimulate,자극하다
irrigation,관개
consecutive,연속적인· 계속되는
superficial,표면상의· 피상적인
refuge,피난· 피난처
swear,맹세하다
allergy,알레르기
semiconductor,반도체
endeavor,노력하다· 애쓰다
erect,똑바로 선· 직립의· 똑바로 세우다
feminine,여자의· 여성의
drowsy,졸음이 오는· 졸리는
inspect,세밀히 검사하다
carriage,차· 탈것
primitive,원시의· 원시적인· 초기의
compress,압박붕대 /압축하다
govern,~을 지배하다· 통치하다
abort,유산[낙태]시키다
shatter,산산이 부수다· 파편
exaggerate,과장하다· 지나치게 강조하다
bass,베이스· 낮은음
commemorate,기념하다· 축하하다
steep,가파른· 경사가 급한· 험준한
forfeit,(벌로써) 상실하다· 몰수되다
toxic,독성의· 중독성의
transition,변이· 변천
chronic,만성의· 고질의
designate,가리키다· 지시하다
slot,가늘고 긴 구멍· 동전 투입구
intense,강렬한· 열렬한
sequence,연달아 일어남· 연속· 결과
nuisance,성가심· 귀찮음
vulnerable,상처입기 쉬운· 비난받기 쉬운
numerous,수많은· 무수한
shiver,떨다· 몸서리
retarded,발달이 늦은
ongoing,전진하는· 진행하는
mention,언급· 언급하다· 말하다
executive,실행의· 실무의
chaos,무질서· 혼돈· 카오스
microscope,현미경
belonging,소유물· 소지품
implication,내포· 함축· 암시
appetite,식욕· 욕구
authentic,믿을 만한· 근거가 있는
compel,강제하다· 억지로 시키다
recommend,추천하다· 권하다
index,색인· 지표· 지수
incline,기울이다· 경사지다
attain,획득하다· 도달하다
innate,타고난· 선천적인
ingenuity,창의력· 재간
record,기록하다· 녹음하다 /기록
bias,편견· 선입관
seize,붙잡다· 체포하다
screw,나사· 스크루
refuse,거절하다· 거부하다
upcoming,다가오는
savage,야만의· 미개한
province,지방
coordinate,동등한· 동격의
regard,~을 ~라고 생각하다· 간주하다· 배려
deficient,부족한· 불충분한
outlaw,불법화하다· 사회에서 매장하다· 무법자
preview,시연· 시사· 시연하다· (영화 등) 예고편
equivalent,동등한· 대등한
loom,베틀· 어렴풋이 보이다
register,기록부· 기록하다
purple,자줏빛· 자줏빛의
privilege,특권· 특전· 특권을 주다
squeeze,죄다· 짜내다
justify,정당화하다
breakthrough,돌파구
consent,동의하다· 찬성하다
orphan,고아
negotiate,협상하다· 교섭하다· 협정하다
recipe,조리법
deceive,속이다
sweep,쓸어버리다· 청소하다
profile,옆모습· 윤곽· 인물 소개
enterprise,기업
successive,잇따른· 연속하는
paradox,역설
surpass,~보다 낫다· 능가하다
correlation,상호관계· 상관관계
magnitude,크기· 양· 위대함
aesthetics,미학
earnest,성실한· 열심인
slaughter,도살· 살육
surrender,항복· 넘겨주다· 항복하다
philosophy,철학
deplete,고갈 시키다· 소모 시키다
admire,감탄하다· 흠모하다
deform,흉하게 되다· 변형시키다
thrill,스릴· 전율· 오싹하게 하다
afford,여유가 있다
blunt,무딘· 둔감한
sprint,단거리 경주하다· 단거리 경주
aid,원조· 도움· 돕다
tense,긴장한· 팽팽한· 시제
primary,주요한· 일차의· 기본적인
timber,재목· 목재
collaborate,공동으로 일하다· 공동으로 연구하다
aim,겨누다· 목표로 하다· 겨냥· 조준
bet,내기· 내기를 하다
stance,서 있는 자세
blow,(바람이)불다· (악기를)불다· (코를)골다
ballot,투표용지· 투표· 투표하다
division,분할· 국· (회사조직의) 사업부
acquaintance,지식· 아는 사이
boil,끓다· 끓이다
contradict,부인하다· 반박하다
wealth,부· 재산
burst,파열· 폭발· 폭발하다
cast,던지다· (역을) 배정하다· 배역
predicate,단언하다· 단정하다· 술부· 술어
psychic,마음의· 심적인
paddle,노· 노를 젓다
steer,키를 잡다· 조종하다
verbal,말의· 구두의
bid,~에게 명하다· 입찰하다· 입찰
suppose,상상하다· 생각하다· 가정하다
unpredictable,예언 할 수 있는· 예측할 수 있는
temperament,기질· 성질
harass,괴롭히다
compost,혼합물· 회반죽
tribute,공물· 찬사
artery,동맥
mandate,명령· 지령
housewarming,집들이
slum,빈민굴· 슬럼가
gracious,상냥한· 우아한
spike,긴 못· 큰 못으로 박다
conflict,충돌· 갈등· 분쟁/충돌하다· 상충하다
sophisticated,순진하지 않은· 정교한
fiery,불같은· 불의
enlightenment,계몽· 계발· 교화
cosmetic,화장품
oval,타원형의· 타원형· 타원체
aspire,열망하다· 갈망하다
obstruct,가로막다· 가리다
patrol,순찰· 순찰대· 순찰하다
accelerate,가속하다
heatstroke,일사병
catalog,목록· 카탈로그
veteran,고참· 노병
dramatic,극의· 극적인
vocation,직업· 일
vegetarian,채식주의(자)의· 채식주의자
stereotype,고정관념· 정형화된 생각
fellow,동료· 사람· 사나이
sneak,고자질하는 학생· 살금살금 걷다
perish,멸망하다· 썩어 없어지다
inseparable,분리할 수 없는· 뗄 수 없는· 불가분의
statesman,정치가
connotation,함축· 내포
decode,해독하다· 암호를 풀다
hollow,속이 빈· 공허한
apron,앞치마
mortgage,저당· 담보
rebel,반역자 /반역하다
shabby,초라한· 낡아빠진· 누더기를 걸친
latter,뒤쪽의· 나중의· 후반의
illuminate,~을 계몽하다· 밝게 하다
mimic,흉내 내는· 모방의
unearth,발굴하다· (새로운 사실을) 발견하다
wail,통곡· 구슬픈 소리를 내다
shudder,떨다· 떨림· 몸서리치다
stride,활보하다· 활보
applicant,응모자· 지원자
disprove,반증하다· 논박하다
disturb,방해하다· 어지럽히다
marriage,결혼· 결혼식
hemisphere,반구
recur,재발하다· 되돌아가다
escape,달아나다· 벗어나다
elastic,신축성이 있는· 탄력 있는
saint,성인
stubborn,완고한· 고집 센· 완강한
suicide,자살· 자살하다
lure,매혹· 매력· 유혹하다
underprivileged,특권이 적은· 혜택을 받지 못하는
lavatory,화장실· 변기
sway,흔들리다· ~을 흔들다· 동요
examine,검사하다· 시험하다· 심문하다
compromise,타협· 타협하다
foremost,맨 먼저의· 최초의· 선두에
precaution,예방조치· 예방책
torture,고문· 고문하다
peep,엿보다· 슬쩍 보기
morale,사기· 풍기
religious,종교의· 종교적인· 종교에 관한
obligation,의무
pest,유해물
incorporate,통합된 /통합하다· 편입하다· 설립하다
subdue,정복하다· 억제하다
regime,정권· 체제
terminate,끝내다
inject,~을 주입하다· 주사하다
theft,도둑질
folklore,민간전승· 민속(학)
vast,막대한· 거대한· 광대한
preliminary,예비의· 준비
meanwhile,그 동안· 그 사이에· 한편
painkiller,진통제
amend,수정하다· 개정하다· 고치다
recess,쉼· 휴식
shelter,피난처· 은신처· 보호하다
autonomy,자치· 자치권
outfit,채비· 도구 한벌
mourn,슬퍼하다· 애도하다
evoke,불러일으키다· 환기하다
stretch,잡아 늘이다· 뻗다· 뻗침
latitude,위도
patch,헝겊조각· 헝겊을 대다
maternal,어머니의· 모성의
pharmacy,약국
burden,짐· 부담· 걱정
prestigious,명성있는· 칭송받는
friction,마찰· 불화
unless,~하지 않는 한· ~하지 않으면
defend,방어하다· 지키다· 옹호하다
fraud,사기· 협잡
translate,번역하다· 통역하다
easygoing,태평한· 빈둥거리는
ancestor,조상· 선조
trade,무역· 장사· 장사하다· 거래하다
insomnia,불면증
intermediate,중개하다· 조정하다 중간의· 중개자
transport,수송· 운송 /수송하다· 운송하다
paradigm,보기· 범례
breast,가슴· 유방
anthropology,인류학
premature,조숙한· 시기상조의
dual,둘의· 이중의
fiber,섬유· 실
irony,풍자· 빈정거림
spectator,구경꾼· 관객· 방관자
medieval,중세의· 중세풍의
analogy,유사· 유추
snatch,잡아채다· 낚아채다
upset,기분 상한· 당황한· 뒤엎다· 당황케 하다
throughout,도처에· 처음부터 끝까지· 모조리
slogan,외침· 슬로건
composure,침착· 냉정· 평정
incurable,불치의· 불치병자
revenge,보복· 원수를 갚다
indulge,마음껏 하다
meadow,풀밭· 목초지
venture,위험을 무릅쓰다
deflect,비끼다· 피하다
adorable,존경할 만한· 사랑스러운
complacent,현실에 안주하는· 자기만족의
sturdy,억센· 튼튼한
narrative,이야기의· 이야기
lurk,잠복하다
advance,나아가다· 진보하다· 전진· 진보
manifest,명백한· 분명한· 명백히 하다
imperial,제국의· 황제의
duration,내구· 지속기간
populate,사람을 거주케 하다
frugal,검약한· 소박한
phony,가짜의· 엉터리의
beaver,비버
comprise,포함하다· 구성하다
textile,직물· 옷감
patron,보호자· 후원자
spouse,배우자
approximate,대강의· ~에 가까이 가다· ~에 가깝다
ban,금지· 금지하다
parallel,평행의· ~에 필적하다
sarcastic,빈정거리는· 비꼬는
terrain,지대· 지역
toll,통행세· 통행료
warfare,전투· 교전
mortal,죽을 운명의
humanity,인류· 인간성
crispy,바삭바삭한
headmaster,교장
rubbish,쓰레기· ~을 헐뜯다· 비난하다
feeble,희미한· 허약한· 의지가 약한
clumsy,서투른· 꼴사나운· 어색한
subsequent,뒤의· 차후의
daze,~을 멍해지게 하다· 멍해진 상태
caravan,(사막의) 대상
countless,셀 수 없이 많은
condense,응축하다· 압축하다
stout,단단한· 억센
poise,균형 잡히게 하다· 평형· 균형
disciple,제자· 문하생
gust,돌풍· 돌풍이 불다
hail,싸락눈· 우박· 우박이 내리다
collective,집합적· 집단
scope,범위
border,경계· 가장자리· 변두리
frontier,국경· 한계
withhold,보류하다
amnesty,은사· 특사· 사면
stall,마구간· 외양간· 오도 가도 못하게 하다
apparatus,장치· 기기
compatible,호환성 있는
detest,몹시 싫어하다· 혐오하다
vanity,덧없음· 무상함· 허무
firsthand,직접의· 직접적으로
obesity,비만
dilemma,궁지· 진퇴양난
render,~로 만들다
indispensable,불가결의
structural,구조상의
bother,~을 괴롭히다
counteract,반작용하다
static,정적인· 정지 상태의
sheriff,군 보안관
charge,충전하다· 대가· 책임
discourse,강연· 설교
bribe,뇌물
juggle,곡예를 하다· 저글링을 하다
perspiration,발한· 땀
retention,보유· 보존
valiant,용감한· 씩씩한
cheer,환호· 갈채· 환호하다· 갈채를 보내다
distress,고통· 고뇌· 괴롭히다
nursery,육아실· 탁아소
encircle,둘러싸다· 일주하다
notion,관념· 개념
disgust,역겹게 하다·. 혐오감을 주다
fragment,파편· 조각
correct,올바른· 고치다· 옳은
oversee,내려다보다· 감독하다
creep,기다· 포복하다
rational,이성적인
clarify,분명하게 하다· 해명하다
dissolve,녹이다· 용해시키다
deterioration,타락· 악화
janitor,간수· 관리인
blush,얼굴 붉힘· 얼굴을 붉히다
intervene,개입하다· 끼어들다
nomad,유목민· 방랑자
cure,치료하다· 고치다· 치료(법)· 치료약
cuisine,요리 솜씨· 요리법
dare,감히 ~하다· 대담하게 하다
solvent,지급 능력이 있는· 용해력이 있는· 용매
cultivate,갈다· 경작하다
ascent,상승· 등반
spur,박차· 자극· 박차를 가하다
discern,분별하다· 식별하다
scheme,계획· 음모· 기획
reproach,비난하다· 비난
publicity,주지· 명성
declare,선언하다
brisk,활발한· 기운찬· 팔팔한
exile,망명· 국외 추방· 망명자
disappoint,실망시키다
handle,처리하다· 손잡이
fling,내던지기· 내던지다
contagious,전염성의· 만연하는
constraint,강제· 압박
unanimous,만장일치의
itch,가려움· 가렵다
delude,속이다· 착각하다
dehydrate,탈수하다· 건조시키다
underneath,~의 아래에· 바닥· 아래쪽
decree,법령· 포고
pinch,꼬집다· 죄다
punctual,시간을 엄수하는
last,지난· 최근의· 마지막의· 지속하다
thorn,가시· 가시 모양의 것
exert,발휘하다· 노력하다
aviate,비행하다
headquarter,본부를 설치하다· (복수형) 본부· 사령부
rectangular,직사각형의· 직각의
delegate,위임하다· 대표· 대리자· 대의원
elect,선출하다
catastrophe,대단원· 파국· 큰 재해
empathize,감정이입하다· 공감하다
expertise,전문지식· 전문기술
renovate,새롭게 하다
wrench,비틀다· 접질리다
interval,간격· 막간
experiment,실험· 실험하다
retort,말대꾸· 반박하다· 말대꾸하다
strict,엄격한· 가혹한
inherent,본래의· 타고난
asthma,천식
realm,왕국· 영역
figure,숫자· 모습· 인물· 계산하다
segment,단편· 조각
devote,바치다· 전념하다(to)
coexist,공존하다
hospitality,환대
evolve,(의견· 계획이) 발전하다· 진화하다
estate,토지· 동산
discreet,분별 있는· 신중한
cripple,불구자· 지체장애자· 불구가 되다
tradition,전통· 전승
drawback,결점· 약점
tactics,전술(학)· 병법
dread,두려워하다· 무서워하다
dispute,논쟁· 논쟁하다
console,위로하다· 위문하다
stack,더미· 쌓아올리다
cynical,냉소적인· 빈정대는· 비꼬는
reprove,꾸짖다· 비난하다
verify,입증하다· 공인하다
engross,몰두시키다· 열중시키다
bulk,크기· 부피· 용적
despise,경멸하다· 얕보다· 멸시하다
manuscript,원고· 필사본
prehistoric,선사 시대의
barrel,통· 배럴
predecessor,전임자
pastor,목사· 정신적 지도자
proclaim,포고하다· 선언하다
subordinate,예하의· 종속하는
furnish,공급하다· 제공하다
fume,증기· 향기
conscious,의식이 있는
staple,주요 생산물· 스테이플러로 철하다
reverence,숭배· 경의
rapid,빠른· 신속한· 경황없는
eloquent,달변인· 웅변인· 유창한
innermost,맨 안쪽의· 가장 깊숙한
hazardous,위험한
skull,두개골
detergent,깨끗하게 하는· 세제
brutal,잔인한· 야만적인· 짐승의
rash,성급한· 무모한· 무분별한
bypass,보조관· 우회로
accommodate,(지낼) 공간을 제공하다· 수용하다
tact,재치· 기지
harm,해· 손해· 해치다
hire,고용하다
melancholy,우울한· 우울
perpetual,영구의· 부단한
eligible,자격이 있는· 적임의
legacy,유산
monotonous,단조로운
lecture,강의· 강의하다
simplicity,단순· 간소
ditch,도랑· 개천
reside,살다· 존재하다
enact,법제화하다· 제정하다
burnout,타서 죄다 없어짐· 연료 소진
presider,사회자· 주재자
newbie,신출내기
shuffle,발을 질질 끌다
summarize,요약하다
eject,몰아내다· 쫓아내다
intersection,교차점
quest,탐색· 탐구
linear,직선의
landslide,산사태· 산사태를 일으키다
plausible,그럴듯한
overcome,극복하다
merge,합병하다
frantic,미친 듯 날뛰는· 광란의
moan,신음· 신음 소리를 내다· 한탄하다
merchandise,상품· 제품· 장사하다
respectively,각각의
yearn,그리워하다· 열망하다
conviction,신념· 확신· 유죄판결
post,우편· 우편물· 기둥
reckon,낱낱이 세다· 간주하다
dusk,땅거미· 황혼· 어스름
sustain,유지하다· 계속하다· 지탱하게 하다
demolish,부수다· 폭파하다
progress,전진하다· 진보하다 /진행· 진보· 발달
degenerate,나빠지다· 퇴보하다
sentiment,감정· 소감
offspring,자식· 자녀· 후예
rent,집세· 임대료· 빌리다
tackle,태클· 태클하다
defy,~에 도전하다· 반항하다
predator,포식자· 포식동물· 약탈자
embed,끼워 넣다
enchant,요술을 걸다· ~을 매혹하다
detach,떼어내다· 분리하다
antagonist,적수· 적대자
thrust,밀다· 밀어내다
creed,신념· (종교의) 교의
endure,참다· 견디다· 지탱하다
misplace,잘못 두다· 둔 곳을 잊다
auditory,청각의
missionary,전도자의· 전도의
cosmopolitan,세계인· 국제인
secondhand,간접적인· 중고품의
multiple,복합의· 다양한
refraction,굴절
range,범위· 산맥
propel,(특정방향으로) 나아가게 하다· 추진하다
reptile,파충류
fixate,고정시키다· 고착하다
feat,공적· 위업
utensil,가정용품· 부엌세간
penetrate,꿰뚫다· ~을 관통하다
repair,수리하다· 수선하다
cringe,아첨· 비굴한 태도· 굽실거리다
notable,주목할 만한· 현저한
grumble,불평하다· 투덜대다
jest,농담· 농담을 하다
scrutiny,음미· 조사
reckless,분별없는· 무모한
synthetic,종합적인· 합성의· 합성물질
productive,생산적인· 다산의
rule,규칙· 지배· 지배하다
outset,착수· 시작
inaugural,취임식의· 개회의
meek,온순한· 얌전한
kidnap,납치하다· 유괴하다
liable,~할 것 같은
insane,미친· 제정신이 아닌
radius,반지름
compartment,칸막이· 구획
uncover,폭로하다· 밝히다
limb,사지· 수족
barefoot,맨발의
prudent,신중한· 분별 있는
registration,기입· 등록
grudge,원한· 주기 싫어하다
lessen,작게 하다· 줄이다
tangle,엉키게 하다· 엉킴
relevant,관계가 있는· 적절한· 관련된
ambiguous,애매모호한· 분명치 않은
enthusiasm,열중· 열광· 열의
bankruptcy,파산· 도산
duel,결투· 결투하다
prosper,번영하다· 번창하다
phase,단계· 국면
veterinarian,수의사
counterattack,반격· 역습· 반격하다
cumulative,누적하는
weigh,~의 무게를 달다· 심사숙고하다
wound,부상을 입히다· 상처· 부상
discrete,별개의· 분리된
aboard,(배· 비행기 등에) 탑승하여
absolutely,절대적으로
abundance,풍부
according,~에 의하면· ~에 따라서
accustom,익숙케 하다· 습관이 들게 하다
ache,아픔· 아프다· 쑤시다
acquaint,익히다· 숙지하다
acrobat,곡예사
action,행동
actually,실제로
admirable,감탄할 만한· 칭찬할 만한
admiration,감탄· 칭찬
adore,숭배하다· 흠모하다
advertise,광고하다
advice,충고· 조언
afar,멀리· 아득히
African,아프리카의
afternoon,오후· 오후의
afterward,후에· 나중에
agile,재빠른· 기민한· 날랜
agonize,번민하다· 괴로워하다
agreement,동의하다
ah,아!
ahchoo,아츄!
ahead,앞으로· 앞쪽에· 앞서서
ahem,에헴
ailing,병든· 병약한· 건전치 못한
aimlessly,목표 없이
airforce ,공군
airy,바람이 잘 통하는· 비현실적인· 공상적인
alas,아아!
alight,(기차· 버스에서)내리다
alliance,동맹· 연합
all-knowing,모두 알고있는
allure,유혹하다
alongside,나란히· 곁에
Alps,알프스 산
alright,내려앉다
altogether,전부
amidst,~의 한가운데에
amongst,가운데에
amuse,즐겁게 하다
amusement,오락· 놀이
anew,다시· 새로
angry,화난· 성난
ankle,발목
announcement,발표
ant,개미
antelope,(아프리카)영양
anxious,걱정하는(about)· 갈망하는(for)
anxiously,근심하여· 걱정스럽게
anybody,아무도· 누군가· 누구든지
anymore,(부정문· 의문문)더 이상· 이제는
anyone,누군가· 누구든지· 모든 사람
anything,아무것도· 무엇이든· 조금이라도
anytime,언제든
anyway,어쨌든· 아무튼· 아무렇게나
anywhere,어딘가에· 어디든지· 아무 데도
apart,떨어져· 따로
apostle,사도
apothecary,약재상· 약방
appearance,외관· 겉모양· 출현
apple,사과· 사과나무
appreciate,감사하다· 감상하다
appreciation,감사하다
approval,승인· 찬성
archway,아치형길
argument,논쟁· 말다툼
arid,건조한· 바싹 마른· 불모의
arm,팔· (복수형) 무기· 무장하다
armful,(팔에)한가득
aroma,아로마 향
arrangement,정돈· 정렬
arrival,도착
arrogance,오만· 거만
arrow,화살
ashame,부끄러워하다
ashore,해안에
asleep,잠들어 있는
atrocious,극악한· 흉악한· 지독한
attendant,수행의· 수반하는· 수행원· 참석자
attention,주의· 주목
attentive,주의 깊은
attentively,주의 깊게
attic,다락방
attire,복장· 차려 입히다
august,8월
aunt,아주머니· 이모· 고모
Australia,호주· 오스트레일리아 대륙
awaken,깨다
awe,경외· 두려움· 두려워하다
awfully,엄청나게
axe,도끼
badly,(도덕) 나쁘게· 심하게
bag,가방· 자루
bagful,자루 가득· 한 자루분
bake,굽다· 구워지다
baking,빵 굽기
balcony,발코니
ballerina,발레리나
ballroom,무도회장
band,밴드· 한 무리
bang,강타· 쾅· 쿵
banish,추방하다
banishment,추방
banquet,연회· 연회를 베풀다
bare,벌거벗은· 노출된
barely,간신히· 가까스로
bark,짖다· 짖는 소리
barker,제빵사
barley,보리
barn,헛간· 곡식창고
basement,지하실· 지하층
basic,기초의· 기본적인
bask,(살을) 태우다
basket,바구니
bath,목욕· 욕조· 목욕시키다
battlefield,전쟁터
bayonet,총검· ~을 총검으로 찌르다
beach,해변· 바닷가
beak,부리
beam,(전파를) 보내다
bean,콩
beanstalk,콩나무
bear,곰· 낳다· 참다
bearable,견딜 수 있는· 견딜 만한
beast,짐승
beating,(심장 등이) 뛰는 소리
beautiful,아름다운· 예쁜
beautifully,아름답게
bedroom,침실
bedside,침대 곁의
bedtime,취침 시간
befall,(나쁜 일이) 일어나다· 생기다· 닥치다
befit,~에 걸맞다· ~에 어울리다
beg,부탁하다· 구걸하다· 간청하다
beggar,거지
begrudge,시기하다· 아까워하다· 선뜻 내주지 않다
behavior,행동· 행실
behold,주시하다
belief,믿음· 신념
believable,믿을 수 있는
believing,믿음
belly,배· 복부· ~을 부풀리다
bend,구부리다· 휘다· 굴절시키다
berry,작고 수분이 많은 과실
beside,~의 옆에· 곁에· 나란히
besides,게다가· ~외에
beyond,(멀리)저편에
bigheaded,젠체하는· 우쭐한
billy,야영용 주전자· 곤봉· 경찰봉
bin,쓰레기통· 큰 통
birthday,생일· 탄생일
biscuit,비스킷
bit,조금· 작은 조각· 소량
bitter,(맛이)쓴· 모진· 쓰라린
bitterly,원통한 듯이· 쓰라리게
blast,폭발· 돌풍· 젠장
blaze,밝게 빛나다
bleary,눈이 흐린· 어렴풋한
blindfold,눈 가리게· 눈을 가리다
blindly,맹목적으로· 앞이 안 보이는 채
bliss,더없는 행복· 환희
blond,금발의· 황동색의
bloodshed,출혈
bloom,꽃· 개화(기)· 꽃이 피다
blossom,(특히 과일나무) 꽃· (나무에)꽃이 피다
blunder,큰 실수· 큰 실수를 저지르다
board,판· 판자· 위원회
boldness,대담· 배짱· 무모
bolt,빗장· 볼트· 섬광· 빗장을 걸어 잠그다
bony,뼈의
boom,울리는 소리· 벼락경기· 붐을 일으키다
boots,장화
bore,지루하게 하다
boss,상관· 사장· 두목
bound,~로 가는 길인· 묶인· 경계가 되다
bow,절· 절하다
bowl,사발
brace,보강하다· 버팀대· 치열 교정기
bran,왕겨· 밀기울
branch,가지· 지점· 지부
brass,놋쇠· 놋쇠의· 놋쇠 빛깔의
bravo,브라보!
brawl,말다툼· 싸움하다
breadth,넓이
breakfast,아침식사
breath,숨· 호흡
breathing,숨쉬기
breeze,산들바람· 미풍
brew,양조하다· 우러나다
bride,신부
bridegroom,신랑
brightly,밝게
briskly,활발하게· 씩씩하게
bristol,영국서남부 항구도시
broadly,광범위하게· 대략· 활짝
broad-minded,마음이 넓은· 도량이 큰
brood,한배의 병아리· 품다· 곰곰이 생각하다
bucket,버킷· 양동이
budge,조금 움직이다· 생각을 바꾸다· 가죽 부대
bulge,~을 부풀리다· 볼록한 부분
bulrush,애기부들· 큰고랭이
bunch,다발· 송이
burial,매장· 장례식
burning,타고 있는
burnt,탄
burp,트림하다· 트림
bush,관목· 덤불· 관목 숲
busily,바쁘게
businessman,사업가· 실업가
butler,집사
butt,개머리판· 담배꽁초· 큰 통
butter,버터· 아부· 아첨
buttercup,미나리아재비
butterfly,나비· 팔랑팔랑 날아다니다
button,단추· 버튼· 단추를 잠그다
cage,새장· (짐승의) 우리
cake,케이크
calf,송아지
calmly,침착하게· 고요히
canary,카나리아· 여자 가수
candle,양초
candlelight,촛불
candy,캔디· 사탕
cane,지팡이· 단장
cape,곶· 갑
capsize,뒤집히다· 전복시키다
card,카드· 인사장· 명함
carefully,조심스럽게
carpet,양탄자· 융단
carrot,당근
cart,손수레· 이륜 짐차
castle,성· 요새
catcher,포수
catnap,선잠을 자다· 졸다· 선잠
cauldron,솥
cautiously,신중히· 조심스럽게
cave,동굴
cellar,지하실
central,중앙의· 중심의
certain,확실한· 어떤· 확신하는
certainly,확실히· 꼭· 물론이죠· 그럼요
chain,연쇄· 체인점· 쇠사슬
chair,의자
chalk,분필· ~을 분필로 쓰다
challenge,도전· 도전하다
challenger,도전자
chamberlain,시종· 궁정의 고관
charming,매력적인
chat,잡담하다· 잡담
cheek,볼· 뺨
cheese,치즈
chest,가슴· 수납함· 큰 상자
chew,(음식물을) 씹다
chick,병아리· 새끼 새· 어린애
chicken,닭· 닭고기
chide,꾸짖다· 비난하다
chimney,굴뚝
chocolate,초콜릿
choice,선택
chorus,합창· 후렴· 합창하다
christmas,크리스마스· 성탄절
chuckle,킬킬거리는 웃음· 킬킬 웃다
church,교회
cinder,숯
circus,서커스· 곡예· 원형 광장
civilrights ,시민권
clairvoyant,천리안
clamor,떠들어대다· 아우성· 떠들썩함
clap,박수치다· 손뼉 치다· 박수
class,학급· 수업· 계급
claw,갈고리 발톱· 집게발· 할퀴다
clown,어릿광대· 익살부리다· 놀리다
coin,동전
complaint,불평
conspiracy,음모· 공모· 공동 모의
contestant,(콘테스트 등의) 참가자
corner,모퉁이· 구석
corpse,시체· 송장
courtier,궁정에 출사하는 조신· 아첨꾼
creak,삑삑 소리 나다· 삑삑 소리
crop,수확· 농작물· 수확고
crow,까마귀· 꼬끼오하고 울다
crumb,부스러기· 빵가루· 잘게 부수다
cube,정육면체· 세제곱· 세제곱하다
dandelion,민들레
daydream,백일몽
decision,결정
decoration,장식
delicacy,섬세함· 정교함
dewdrop,이슬방울· 콧물
diadem,왕관· 왕위· 왕권
difference,차이
discourteous,무례한· 버릇없는
dish,요리· (큰)접시
donkey,당나귀
doorway,문간· 출입구· 관문
dozen,12개· 12의· 1다스
dress,드레스· 옷을 입히다· 옷을 입다
drum,드럼· 북
duck,오리
dwarf,난장이
ear,귀
earnestly,진지하게
easily,쉽게· 편하게
eating,먹음
echo,울림· 메아리· 소리가 울리다· 메아리치다
ecstasy,황홀· 황홀경· 무아의 경지
educate,교육하다
eight,8· 8의
eighty,80· 80의
elate,의기양양하게 만들다· 기운을 북돋우다
elegance,우아· 고상· 기품
elegantly,우아하게
else,그 밖의· 다른
embarrass,당황하게 하다· 난처하게 하다
embarrassment,당황· 곤혹
embroidery,자수· 윤색· 각색
emotional,감정적인
employer,고용주· 사장
ending,결말
England,잉글랜드· 영국
English,영어· 영국의· 영어의· 영국 사람의
enrage,화 나게하다
entertaining,재미있는· 즐거움을 주는
enthusiastically,열광적으로· 열렬하게
envelope,봉투
erroneously,잘못되게
escalate,단계적으로 확대시키다· E/S로 올리다
eve,전날 밤
evening,저녁· 밤
everybody,모두· 누구나
everyday,일상의
everyone,모두· 누구나
everything,가장 중요한 것· 모든 것
everywhere,어디나· 모든 곳· 도처
exactly,정확히
exceedingly,대단히· 매우· 몹시
exception,예외
exceptional,예외적인
excite,흥분시키다
excitement,흥분
exhaust,다 써버리다· 고갈시키다
exhaustion,기진맥진
exhilarate,유쾌하게 하다· 들뜨게 하다
existence,생존
existent,존재하는
expectancy,기대
expectation,기대
expensive,비싼
expression,표현· 표정· 수식· 식
extravagantly,낭비적으로· 엄청나게
eye,눈· 시력
eyeball,눈알
eyebrow,눈썹
eye-catching,눈에 띄는
eyelash,속눈썹
fabric,직물
fabulous,멋진· 엄청난· 전설적인
failure,실패· (기계의) 고장
faint,희미한· 약한· 기절하다
faintly,희미하게· 어렴풋이
fairy,요정· 요정의
fang,송곳니
fantastic,환상적인· 멋진
farewell,작별 인사
farmer,농부· 농장주· 농업 경영자
fatally,치명적으로· 비참하게
fatten,살찌우다· 살찌다· 비육하다
fault,결점· 잘못
favor,호의
favorite,아주 좋아하는· 좋아하는 물건·사람
fearful,우려하는
fearlessly,두려움 없이
feast,(종교적인)축제· 축하연
feather,깃털· 깃
fee,요금· 수수료· 수업료
feeding,먹을 것 주기
feeling,기분
fell,(나무를) 베어 넘어뜨리다
ferociously,사납게
fetch,가져옴· ~을 데리고 오다
fidget,안절부절못하다· 조바심 내다
fifty,50· 50의
filthy,더러운· 불결한· 부도덕한
finally,최종적으로· 결국· 마침내
finger,손가락
finishing,끝마무리의
fireplace,벽난로· 난로· 벽난로 바닥
firewood,장작· 땔나무
firmly,확고히
first-come-first-served,선착순의
fisherman,어부· 낚시꾼
fishing,낚시질
fist,주먹
five,5· 5의· 다섯 손가락· 주먹
flabbergast,소스라치게 하다· 당황하게 하다
flame,불꽃· 타오르다
flap,펄럭이다· 퍼덕거리다
flash,번쩍이다· 섬광· 번쩍임
flatter,아첨하다
fleet,함대
flicker,깜박이다· 깜박임
flit,휙 날다· 휙 지나가다
flock,무리· 떼
flooding,홍수
fluffy,솜털 같은· 솜털로 뒤덮인· 폭신폭신한
flutter,동요· 날개 치다· 펄럭이다
flying,비행
foam,거품· 거품이 일다
foolish,바보 같은
foolishly,바보 같이· 어리석게도
footman,하인· 종복
footstep,발자국 소리
forebode,~의 전조가 되다· 예언하다· 예감이 들다
forecast,예보· 예측· 예측하다
forecaster,예보하는 자
forefinger,집게손가락
forever,영원히
fork,포크
forlorn,고독한· 버림받은· 쓸쓸한
formation,형성· 편제
formidable,무서운· 가공할 만한
forth,앞으로
fortunate,운이 좋은· 행운의
fortune,재산· 행운· 운· 운명
forty,40· 40의
four,4· 4의
fox,여우· 교활한 사람· 속이다
fragrance,향수
frail,허약한· 연약한· 약한
frank,솔직한
frantically,미친 듯이
friar,수사(修士)
friendly,친한· 친절한
friendship,우정
fright,공포· 경악
frightened,무서워하는· 놀란
frightful,소름 끼치는
frivolous,천박한· 하찮은· 사소한
frog,개구리
frozen,언
fruitful,열매가 많이 열리는· 비옥한
frustrating,좌절감을 주는
frustration,좌절· 욕구 불만· 실패
fry,튀김· ~을 튀김하다
fulfillment,실현· 성취· 수행
fully,충분히· 완전히
funny,재미있는· 익살맞은· 이상한
furiously,노하여· 광란하여· 맹렬히
furniture,가구(침대· 소파 등)
further,그 이상의· 더욱 더
fuss,호들갑· 야단법석
gale,강풍· 센바람
garden,정원
gasp,헐떡거림· 헐떡거리다
gate,게이트· 통로· 탑승구· 출입문
gatekeeper,수위
generation,세대· (전기 등의)발생
gentleman,신사
gently,온화하게
genuinely,진정으로· 성실하게
germany,독일
ghastly,핼쑥한· 정말로 불쾌한
giant,거인· 거대한
giddyup,이랴!
giggle,낄낄 웃음· 낄낄 웃다
gild,금도금을 하다
given,주어진
glad,기쁜· 즐거운· 반가운
gladly,기꺼이
glasses,안경
gleam,번쩍임· 반짝 빛나다
glide,활공· 미끄러지듯 움직이다
glimmer,깜박이는 빛· 희미한 빛· 깜박이다
glint,반짝반짝 빛나다· 반짝반짝하는 빛
gloomy,우울한· 어두운
glow,불빛· 광채
glutton,대식가· 폭식가
gnaw,갉아먹다· 쏠다· ~을 괴롭히다
goat,염소· 염소자리
goatherd,염소지기
gobble,게걸스럽게 먹다· 모조리 먹어치우다
goblin,악귀· 마귀· 도깨비
godmother,대모
golden,금빛의· 금제의
gonna,…할 예정인(going to)
goodbye,(작별) 안녕!
good-bye,안녕· 안녕히 가〔계〕십시오.
goodlaugh,실컷 웃다
goodness,선함
governess,여자 가정교사
gown,가운· 긴 옷
grace,품위· 우아함
gracefully,우아하게
grand,장대한· 웅대한
grandchildren,손자 손녀들
grasshopper,메뚜기
grassy,풀의· 풀이 많은· 풀로 덮인
grate,벽난로· 쇠살대· 비비다· 갈다
grateful,감사하는
gratitude,감사· 고마움
grave,무덤· 묘소
graveyard,묘지
greatly,대단히
greedy,욕심 많은· 탐욕스러운
greeting,인사
grimace,얼굴을 찡그리다
groan,신음하다· 신음소리
grocer,식료품상인
grope,손으로 더듬다
growing,성장하는
growl,으르렁 소리· 으르렁거리다
grown,성장한
guess,추측하다· 알아맞히다· 추측· 짐작
guest,손님
gulp,꿀꺽꿀꺽 마시다· 꿀꺽꿀꺽 삼킴
half-closed,반쯤 감긴
halfway,중간의· 중도의· 중도까지
hall,홀· 넓은 방· 강당
hammer,망치· 망치로 두드리다
hand,손· 일꾼
handcart,손수레
handful,한 움큼· 한 줌
handsome,잘 생긴
hanging,걸린
happening,사건
happily,행복하게
happiness,행복
happy-go-lucky,마음 편한· 낙천적인· 운에 내맡기는
hardly,거의 ~않다
hare,산토끼
harmony,조화· 화합
harp,하프
harshly,가혹하게
hatch,(알을)까다· 부화하다
hateful,매우 싫은
hatred,증오· 원한· 혐오
haughtily,오만하게· 거만하게· 불손하게
haul,잡아끌다· 끌어당기다
hay,건초· 건초로 만들다
hayloft,건초 다락· 건초 두는 곳
headfirst,곤두박질하여
healthy,건강한· 건강에 좋은
heap,쌓아 올린 것· 더미· 쌓아 올리다
hearing,청력
heart,심장· 마음· 애정
heartbroken,비탄에 잠긴· 비통한
hearth,난로· 노변· 노상
heartless,무정한· 냉혹한· 매정한
heartrending,가슴이 찢어질 듯한· 비통한
heart-shaped,하트모양의
hearty,마음에서 우러나는· 배부른
heaven,하늘· 천국
heel,뒤꿈치
height,높이· 고도· 키
heir,상속인
hellebore,크리스마스로즈
hello,여보세요· 안녕하세요
helping,도움의
helpless,무기력한· 스스로 어떻게 할 수 없는
helplessly,어찌할 수 없이· 의지할 데 없이
hen,암탉
hermit-like,은둔자 같은
hesitant,머뭇거리는· 주저하는
hesitantly,주저하며
hesitation,주저
hey,이봐· 어이
hidden,숨겨진
hide-and-seek,숨바꼭질(하다)
hideout,은신처· 숨은 집· 잠복하는 장소
hiding,숨음
highness,높이· 고가· (H-)전하
hilarious,유쾌한· 법석대는· 즐거운
hind,뒤쪽의· 암사슴
hint,힌트
homeless,노숙자인
honestly,솔직히
honey,벌꿀· 벌꿀의
honorable,명예로운· 존경할 만한
hood,두건· 후드
hoof,발굽· 터벅터벅 걷다
hook,갈고리· 함정
hoop,굴렁쇠· 테· ~에 테를 두르다
hop,(사람이 한발로) 껑충 뛰다
horde,(유목민의) 무리· 떼
horn,뿔· (자동차의)경적
horseback,말 등의
hostility,적의· 적개심
hound,사냥개· ~을 사냥개로 사냥하다
howl,길게 울부짖다· 길게 짖는 소리
huddle,뒤죽박죽 쌓아 올리다· 몸을 움츠리다
hug,꼭 껴안다
humbly,겸손하게
humph,흥(불만· 의혹· 혐오 등)
hundred,100· 100의
hungry,배고픈
hunter,사냥꾼
hunting,사냥
huntsman,사냥꾼
hurrah,만세
hurried,서두르는
hurriedly,서둘러
hush,조용히· ~을 조용하게 하다· 조용함
hustle,재촉하다· 무리하게 시키다
icy,얼음처럼 차가운
identity,신원· 동일성· 정체
idiot,바보· 멍청이· 백치
idiotic,아주 바보스러운
ill,병든· 나쁜
ill-fortune,무일푼의
illness,병
imagination,상상· 창조력
immediately,즉시
immobile,움직일 수 없는· 고정된
immodest,거리낌 없는· 조심성 없는
impartial,공정한· 공평한
impatiently,조급하게
implore,간청하다· 애원하다· 탄원하다
importance,중요성· 유력한 것
impossible,불가능한
imposter,사기꾼· 협잡꾼
impostor,사기꾼· 협잡꾼· 사칭자
imprudent,경솔한· 무분별한· 무모한
impudence,뻔뻔스러움· 건방짐
impudent,뻔뻔스러운· 염치없는· 건방진
incessant,끊임없는· 계속하는
incessantly,끊임없이
inch,인치· 조금씩 움직이다
including,~을 포함하여
incompetence,무능력· 부적당
incompetent,무능한· 무자격의
incredibly,엄청나게
indebted,부채가 있는· 빚이 있는
indeed,참으로· 실로· 정말로
India,인도
Indies,(the~) 인도제국
inevitably,불가피하게
influential,유력한· 큰 영향을 주는
ingenious,독창적인· 영리한· 교묘한
inhabitant,주민· 거주자
inkling,어렴풋이 알고 있음· 암시
inn,여인숙· 선술집
innkeeper,여인숙 주인
innocently,천진난만하게
innumerous,셀 수 없는· 무수한
inquisitive,탐구적인· 조사하기 좋아하는 사람
inside,내부· 안쪽· ~안에
insistent,고집하는· 우기는
insolence,오만· 무례
insolent,오만한· 건방진· 무례한
instantly,(지체하지 않고) 즉시· 당장에
intention,의지(of)· 의향
intently,골똘하게· 여념 없이· 오로지
into,~의 안에· ~으로· ~안으로
intoxicate,~을 취하게 하다· ~을 중독 시키다
invincible,정복할 수 없는· 무적의
ironical,비꼬는· 풍자적인
irritable,성미가 급한· 흥분하기 쉬운
Italy,이탈리아
itching,가려움
itchy,가려운· 근질근질한
jacket,재킷· 짧은 윗옷
jack-in-the-box,도깨비 상자(장난감)
jam,혼잡· 고장· 잼
Japan,일본
jar,항아리· 병· 단지
jaw,턱
jeer,조롱하다· 야유· 조소
jeopardize,위태롭게 하다
jewelry,보석류· 장신구류
jolt,덜컹거리다
jostle,떠밀다· 밀어제치다
joy,기쁨· 환희· 성공
joyful,기쁜· 기쁨에 찬· 즐거운
joyously,기쁘게
jubilation,승리감· 의기양양함
judgment,재판· 심판
jug,주전자· ~을 주전자에 넣다
juicy,즙이 많은· 수분이 많은
june,6월
justice,정의
jut,돌출하다
kid,어린이
killing,살해
kindhearted,상냥한· 인정 많은
kindly,친절하게
kindness,친절
king,왕
kingdom,왕국
kingfisher,물총새
kitchen,부엌
knee,무릎· 무릎으로 치다
knock,노크하다· 노크· 타격
knowledgeable,지식이 있는
ladder,사다리
ladleful,국자 가득
lady,숙녀· 부인· 여성
lamb,새끼 양
lament,비탄· 슬퍼하다
lamp,램프· 등
lantern,랜턴· 제등· 초롱
lark,종달새
latch,걸쇠· 빗장
later,나중에
laughing,웃고 있는
laughter,웃음· 웃음소리
lawbreaker,법률 위반자· 범죄자
lazy,게으른· 나태한· 굼뜬
leader,지도자
leaf,잎
lean,기대다· 마른· 날씬한
least,가장 작은· 최소의
leather,가죽
leg,다리· (의자 등의) 다리
leisurely,느긋한· 여유 있는
lesson,수업· 과· 교훈
lest,~하지 않도록
liar,거짓말쟁이
lick,~을 핥다· 한 번 핥기
lid,뚜껑· 눈꺼풀· ~에 뚜껑을 덮다
lifeboat,구명정
lifeless,생명이 없는
lighten,밝게 하다· 가벼워지다· 빛나다
lighter,라이터
light-hearted,마음 편한· 낙천적인
lightheartedly,아무 걱정 없이· 마음 편히
lightly,(밀도· 농도가) 옅게· 가볍게
likely,일어날 듯한· ~할 것 같은(to)
liking,좋아함
lilac,라일락· 연보라색· 연보라색의
linen,아마포· 린네르
lion,사자
lip,입술
listening,듣는
litter,쓰레기· 잡동사니· 어질러 놓다
liveliness,활기참· 원기· 활력
liver,간· 거주자· 생활하는 사람
livery,제복
living,생활
lizard,도마뱀
lo,보라· 자
loaf,(빵의) 덩어리
loathsome,지긋지긋한· 메스꺼운
lock,자물쇠· 잠그다
lodge,수위실· 지부· 숙박하다· 박히다
log,통나무· 항해 일지
lone,혼자의
lonesome,쓸쓸한
loose,느슨한· 헐거운· 풀린
loosely,느슨하게
loosen,느슨하게 하다
loss,잃음· 손실· 실패
lost,잃어버린
lot,추첨· 다수· 다량
loudly,큰 목소리로
lovely,사랑스러운· 아름다운· 귀여운
lovingly,애정 어리게
lower,(소리를) 낮추다
luckily,운 좋게
lucky,행운인· 행운의
luggage,수하물· 여행 가방
lull,달래다· 소강· 일시적인 고요
lush,무성한· 푸르게 우거진
lute,류트(기타와 비슷한 현악기)
luxurious,호화로운
luxury,호화로움· 사치· 사치품
lying,거짓말
ma'am,엄마· 마님· 아주머니
mad,미친· 화가 난· 열광한· 열중한
madam,~ 부인· 마님· 주부
madame,아씨· 마님· ~부인
madness,미친 증세
magic,마술· 마술의· 마법
magical,마법의
magistrate,행정 장관· 치안 판사· 하급 판사
magnificence,장대· 장엄
magnificent,웅장한· 장엄한· 멋진
magnificently,멋지게
maiden,소녀· 처녀
majestic,장엄한· 위엄 있는· 당당한
maker,제작자
manager,경영자
mane,(사자 따위의) 갈기
manner,방법· 태도· (복수형)예절· 예의
marionette,꼭두각시· 꼭두각시인형
marker,표시 도구
marketplace,시장(市場)
marsh,습지· 늪지대
marvelous,불가사의한
mask,가면
mast,돛대· ~에 돛대를 세우다
master,주인· 패권자· 습득하다
match,시합· 성냥· 경기
matching,어울리는
matrimonial,결혼의
maybe,아마· 어쩌면· 아마도
meager,빈약한· 야윈
meaning,의미
means,수단· (복수취급) 재산
meantime,그 동안에
meddlesome,참견하기 좋아하는
mediterranean,지중해· 지중해의
meekly,온순하게
meeting,만남
melting,녹아내리는
mend,고치다
mentally,정신적으로
menu,메뉴· 식단· 식사
merchant,(무역) 상인
merciless,무자비한
mercilessly,무자비하게
merrily,유쾌하게
merry,유쾌한
mess,엉망진창인 상태
messenger,(우편 등의) 배달원
midnight,한밤중· 자정
might,~해도 좋다· ~일지도 모른다· 힘
milkmaid,우유를 짜는 여자
mill,밀· 제분기· 제분소
miller,제분업자
miracle,기적
mirror,거울· 반영하다
mischievous,장난치기 좋아하는· 장난기 어린· 짓궂은
misery,불행· 비참
misfortune,불운· 불행
mission,임무· 사명· 사절단· 파견단
mistress,애인· 정부· 여주인
mixed,섞인
moderately,중간정도로· 적당히
moisten,축축하게 하다
molten,녹은· 주조한
moment,순간
monastery,수도원· 수도사의 단체
monkey,원숭이· ~을 흉내 내다· 장난치다
monstrous,거대한· 기괴한· 무시무시한
monument,기념비· 기념물
moonlight,달빛
morsel,한 입· 소량· 조금
motionless,움직이지 않는
mould,금형· 거푸집
mournful,슬픔에 잠긴· 구슬픈
mouse,생쥐
mouth,입· 연설조로 말하다
mouth-watering,군침을 흘리게 하는
moving,움직이는
mud,진흙· 진창· ~을 진흙으로 더럽히다
muffler,머플러· 목도리
mumble,중얼거리다· 중얼거림
musical,음악의· 음악적인· 뮤지컬
musician,음악가
musket,구식 소총
mutter,중얼거림· 중얼거리다
mysterious,신비한· 불가사의한
mysteriously,신비롭게
nag,잔소리하다· 잔소리
nail,손톱· 못· 발톱· 못으로 박다
naked,벌거벗은
narration,내레이션
naturally,자연적으로
naughty,장난꾸러기인· 말을 듣지 않는
nearly,거의· 하마터면
neat,말쑥한· 산뜻한· 정돈된
neck,목
necklace,목걸이
needle,바늘
needlessly,필요도 없이
neighbor,이웃
neighboring,이웃의
nest,둥지· 보금자리· 둥지를 틀다
nestle,아늑하게 자리 잡다· 아담한 장소에 있다
net,그물· ~을 잡다· 순~
newborn,갓난· 신생의· (복수형) 신생아
newcomer,새로 온 사람· 신참
newly,최근· 요즘· 새로이
nibble,조금씩 뜯어먹다· 한 입
nick,눈끔
nightcap,취침 모자
nightfall,해질녘· 황혼· 땅거미
nimbly,재빨리· 민첩하게
nobody,아무도 ~않다· 하찮은 사람
nod,(머리를) 끄덕이다· 끄덕임
no-good,쓸모없는 (것)· 무가치한 (것)
noisy,시끄러운
non,~이 아니다
none,아무도 ~않다· 결코 ~않다· 전혀 ~없다
nonetheless,그렇기는 하지만· 그렇더라도
nonsense,허튼소리· 난센스
no-one,아무도 ~않다
nor,~도 또한 ~않다· ~도(또한) ~하지 않다
nose,코
notebook,노트· 공책
nothingness,존재하지 않음· 무
notice,주의· 통지· 게시· 알림· 알아차리다
Nottingham,노팅엄
nowadays,요즘· 오늘날
numb,감각이 없는· 곱은
nurse,간호사· 간호하다
nursemaid,유모
observant,엄수하는· 잘 지켜보고 있는
obviously,분명히
one,하나· 사람· 하나의
one-legged,외다리의
onto,~의 위에· ~의 위로
oops,아뿔사· 저런
ooze,스며 나오다
opening,구멍
ordinary,보통의· 평범한
otherwise,(만약) 그렇지 않았으면
otter,수달· 수달피
ouch,아이쿠
ought,~해야 하다· ~임에 틀림없다
outrun,~보다 빨리 달리다
outside,바깥쪽· 밖에서
outskirt,변두리· 교외
outwardly,밖으로 향하여· 외견상
outwit,계략으로 앞서다· ~보다 한 수 위이다
oven,솥· 오븐· 화덕
oven-warm,오븐에 데운
overhear,우연히 듣다
overjoy,엄청 기쁘게 하다
override,무효로 하다· ~을 짓밟다· ~을 타고 넘다
overwork,과로시키다
owner,소유자· 소유권자· 임자
ox,소· 수소
pack,(짐을)꾸리다· 채워 넣다· 한 갑· 묶음
painfully,아프게
pair,한 쌍· 한 자루
palace,궁전
pale,창백한· 희미한· 혈색이 나쁜
palm,손바닥· 손바닥에 감추다· 야자나무
pamper,응석 받아 주다· 애지중지하다
pant,헐떡거리다· 헐떡거림
paradise,낙원
Paris,파리
park,공원· 주차하다
particularly,특히
passer,통행인· 길손· 시험통과자
passionate,열렬한· 격렬한
pat,토닥이다
patience,인내· 참을성
pattern,무늬· 모양· 방식· 양식
pave,(도로를) 포장하다
paw,발· 발로 긁다
peaceful,평화로운
peacefully,평화롭게
pebble,조약돌· 자갈· 자갈로 덮다
peck,~을 쪼다· 쪼기
peek,몰래 들여다보다· 엿보기
peg,나무못
penalty,반칙에 대한 벌
pendulum,진자
penniless,무일푼의· 몹시 가난한
perch,(새의) 횃대
perfectly,완벽하게
perhaps,아마· 어쩌면
permission,허가· 허용
Persia,페르시아
Persian,페르시아(어/인)의
perspire,땀을 흘리다· 땀이 나다
petrify,망연자실하게 하다· 굳어지게 하다
phew,쳇(불쾌감)
phial,작은 유리병· 약병
physically,신체적으로· 육체적으로
piano,피아노
pick,찌르다· (꽃을)따다· 골라잡다· 후비다
pickaxe,곡괭이
picky,성미 까다로운
pie,파이· 부정 이득
piercing,간파하는 듯한
pigeon,비둘기
pillow,베개
pinocchio,피노키오
piper,피리부는 사람
pitch,던지다· 던지기· 투구· 음높이
pitiful,불쌍한
pity,불쌍히 여김· 동정· 유감· 불쌍히 여기다
plate,접시· 얇은 판
platform,플랫폼· 연단· 대
playmate,놀이 친구
playroom,오락실
plead,주장하다· 탄원하다· 간청하다
pleadingly,애원하듯
pleasant,즐거운· 유쾌한
pleasure,즐거움· 유쾌
plight,곤경· 서약하다
plod,터벅터벅 걷다
plump,포동포동한· 살이 오르다
pocket,호주머니
pointed-noised,날카로운 소리의
pointless,무딘
poisonous,유독한· 유해한· 독을 가진
poke,쑤시기· 쑥 내밀다
policeman,경찰관
pomp,화려· 장관
pond,연못
pool,풀장· 기업 연합· 물웅덩이
poorly,형편없이· 심하게· 나쁘게
poppy,양귀비
possession,소유(물)· 재산
possibly,아마
posture,자세· 정세· 자세를 취하다
pot,항아리· 단지
potion,묘약· 한 첩
pound,파운드· 치다· 두드리다
powder,가루· 분말
powerful,강력한· 유력한
practically,사실상· 거의· 실제로
practice,연습· 실행· 연습하다· 실행하다
precious,귀중한· 소중한
predicament,곤경· 상태· 경우
premonition,예고· 예감· 징후
preparation,준비
prepared,준비가 되어 있는
presumptuous,주제넘은· 뻔뻔스러운· 건방진
pretty,예쁜· 꽤· 귀여운
prevalent,유행하는· 널리 퍼진
prick,찌르기· 가시
pride,자존심· 자랑· 자부심
prince,왕자
princess,공주
print,인쇄하다· 인쇄
prisoner,죄수
proceed,진행하다· 진행되다
procession,행진· 행렬
procure,얻다· 획득하다
profusely,아낌없이· 풍부하게
promise,약속하다· 약속
promptly,즉시· 즉각적으로
proof,증거· 입증
proposal,제의· 신청· 제안
proposition,제안· 건의
prostrate,엎드리다· 엎드린
protrude,밀어내다· 내밀다
proudly,자랑스럽게
proven,증명된
pub,술집· 주점
puff,한 번 불기· ~을 부풀리다
puffy,부풀어 오른· 비만의
pumpkin,호박
punishment,처벌
puppet,꼭두각시
purge,(몸/마음을) 깨끗이 하다
purify,~을 정화하다· 깨끗이 하다
purr,(고양이가) 목을 가르랑거리다
puss,고양이
puzzle,수수께끼· 퍼즐· 당황하게 하다
puzzling,곤혹스럽게 하는
quarrel,싸움· 말다툼· 싸움하다· 말다툼하다
quarter,4분의 1· 15분· 지역· 4분의 1의
queen,여왕· 왕비· 왕후
quench,끄다· 갈증을 풀다
quickly,신속하게· 빠르게
quieten,조용해지다· 가라앉히다
quietly,조용히
quite,아주· 꽤· 상당히
quiver,진동· 떨리는 목소리· 떨리다
rabbit,토끼
racing,경주
racket,라켓· 소동
rafter,서까래· 들보
rag,넝마· 너덜너덜 해어지다
rage,격노하다
rainbow,무지개
raised,돋우어 올린
rant,폭언· 폭언을 하다
rapidly,빠르게· 신속히
rascal,악한· 악당· 불량배의
rat,쥐
rather,다소· 꽤· 오히려
ravenous,탐욕스러운· 걸신들린· 굶주린
razor,면도칼· 면도날
reaction,반응
readily,선뜻· 쉽사리· 이의 없이
reading,독서
reality,현실
really,정말로
receiver,수령인
recently,최근에· 요즈음
reconcile,화해시키다· 중재하다· 조화시키다
reconsider,~을 재고하다· 고쳐 생각하다· 재심하다
reflection,비친 모습· 숙고· 반영
refrain,삼가다
regain,되찾다· 회복하다
regimental,연대의· 연대에 배속된
regrettable,유감스런
rein,고삐· 고삐로 제어하다
related,관계가 있는· 친척의
relative,친척
relax,늦추다· 편히 쉬다
relive,되새기다· 회상하다
reluctance,내키지 않음· 하기 싫음
reluctant,꺼리는· 마지못한· 주저하는
remaining,남아있는
remarkable,주목할 만한· 현저한· 두드러진
remarry,재혼시키다
remorse,양심의 가책· 자책· 깊은 후회
rename,이름을 다시 짓다· 개명하다
renounce,포기하다· 단념하다
renown,명성
repeated,반복된
repeatedly,되풀이하여
repent,회개하다
reply,대답하다· 대답
repose,휴식· 휴양· 휴식하다
resentful,분개한· 분한
resound,울려 퍼지다· 반향하다
respectable,덕망 있는
responsibility,책임감
retell,다시 말하다
retired,은퇴한
retrace,~을 거슬러 올라가 조사하다· 되돌아가다
reunite,재통합시키다· 화해시키다· 재회시키다
revere,존경하다· 숭배하다
reverently,경건한· 공손한
rib,늑골· 갈빗대
ribbon,리본
riches,부(富)
ridiculous,웃기는· 우스운· 어리석은
rifle,라이플총
ring,반지· 고리· 울리는 소리
rival,경쟁자
rivalry,경쟁
riverbank,강기슭· 강둑
roar,고함치다· 으르렁거리다· 울부짖다
roast,굽다
robber,도둑· 강도
robbery,강도· 강탈· 강도질
robe,길고 품이 넓은 겉옷
roof,지붕· 옥상· 지붕을 이다
rooster,수탉· 거들먹거리는 사나이
rose,장미· 장밋빛
rosy,장밋빛의· 불그레한
rotten,썩은
rude,무례한· 버릇없는
ruefully,슬프게· 가엾게
rumble,덜커덕거리다
rumor,소문· 풍문· 유언비어
runner,주자· 경주자
running,달리기
saber,기병도(刀)
sack,마대· 자루
saddle,안장· 안장을 놓다
sadly,슬프게도
sadness,슬픔
safely,안전하게
safety,안전· 안정성
salad,샐러드
sale,염가 판매
salute,인사하다· 경례하다· 경례
satisfaction,만족
satisfactorily,만족하게
satisfied,만족하는
sausage,소시지· 순대
saving,저축
saw,톱
saying,속담
scamper,도주· 허둥지둥 도망치다
scar,흉터
scared,무서워하는· 겁먹은
scene,장면· 무대· 경치
scenery,풍경· 경치
scent,냄새· 향기· 단서
scholar,학자
schooling,학교교육· 학비
schoolmaster,교장
scissor,가위
scold,꾸짖다
scorn,경멸· 멸시· 경멸하다
scorpion,전갈· 음흉한 사람
scoundrel,건달· 무뢰한· 악당
scout,~을 정찰하다· 정찰병· 스카우트
scroll,두루마리· 소용돌이무늬
scrumptious,몹시 즐거운· 멋진
scurry,허둥지둥 달리다· 종종걸음
seagull,갈매기
seclude,격리하다
secretly,몰래· 비밀히· 숨어서
seeing,봄
seeking,~을 구하는· ~을 찾는
seen,볼 수 있는
seep,새다· 스며 나오다
selected,선택한
self-importantly,젠체하여· 자부심이 강해서
selfish,이기적인
seller,판매자
selling,판매하는
semblance,유사· 외관· 외형· 겉보기
sentry,보초· 파수· 감시인
servant,하인· 고용인
sesame,참깨
seven,7· 7의
sewer,하수구· ~에 하수 설비를 하다
sewing,바느질
shabbily,초라하게· 누더기를 걸쳐
shade,그늘· 응달· 그늘지게 하다
Shakespeare,셰익스피어
shall,~일 것이다· ~하기로 되어 있다
shame,부끄러움· 수치
shameful,부끄러운· 창피스러운
shamefully,부끄럽게· 창피하게
shaped,모양의
shawl,어깨걸이· 숄· ~에 숄을 걸치다
shepherd,양치기
shining,훌륭한
shiny,빛나는
shoeless,신발을 신지 않은
shooting,사격
shop,가게
shore,해안· 바닷가· 호숫가
shortcut,지름길
short-lived,단명의· 일시적인
shortly,곧· 즉시
shot,발사· 주사· 사격
shoulder,어깨· 짊어지다· 메다
shouting,소리침
shove,(거칠게) 밀치다
shower,샤워· 소나기 · 소나기가 오다· 샤워하다
shrewd,빈틈없는· 영리한· 날카로운
shrewdness,예민· 기민
shut,닫다· 닫히다· 폐쇄
shy,수줍어하는· 수줍은
sideway,옆길· 인도
sigh,한숨 쉬다· 탄식하다· 한숨· 탄식
silent,침묵의· 조용한
silently,묵묵히· 조용히
silk,비단
silky,비단결 같은
silly,어리석은· 바보 같은
silvery,은빛의· 은방울 같은
simply,간단히
sincerely,진실로
sinewy,건장한· 힘센
singing,노래하기
sip,한 모금
sir,(남자에 대한 경칭) 선생님
sire,폐하· 전하
six,6· 6의
skilled,능숙한
skip,건너뛰고 나아가다
skirmish,작은 접전· 작은 접전을 벌이다
skirt,스커트
skylight,채광창
sleek,매끄러운· 윤기 있는
sleeping,자는
sleepy,졸리는
slender,가느다란· 호리호리한· 날씬한
sling,매달다· 고무줄 새총
slipper,실내화
slippery,미끄러운
slit,길게 베어진 상처· 틈새
slither,주르르 미끄러지다· 주르르 미끄러짐
slobber,침을 흘리다· 침
slope,경사· 비탈· 비탈지다
slowcoach,(동작이) 굼뜬 사람· 얼간이
slowly,(속도가) 천천히· 완만하게
sly,교활한
slyly,교활하게
smart,영리한· 멋진· 재치 있는
smelt,smell의 과거
smile,미소· 웃다· 미소 짓다
smiling,미소 짓는
smirk,능글맞게 웃다· 능글맞은 웃음
snake,뱀
snarl,으르렁거리다· 으르렁거림
sneeze,재채기· 재채기를 하다
sniff,코를 킁킁거리기· ~의 냄새를 맡다
snore,코를 골다· 코 골기
snowfall,적설량
snowflake,눈송이
snowy,눈이 쌓인· 눈 오는· 눈이 내리는
snuff-box,스너프 박스
soaked,흠뻑 젖은
soaking,흠뻑 젖은
soap,비누· ~에 비누칠하다
sob,흐느껴 울다
society,사회· 회(會)
soften,부드럽게 하다
softly,(날씨 등이) 온화하게
solemn,엄숙한· 근엄한
solemnly,장엄하게· 진지하게
somebody,누군가· 어떤 사람· 대단한 사람
somehow,어쨌든· 어떻게 해서든· 웬일인지
someone,누군가· 어떤 사람
something,어떤 것· 무언가· 얼마간
sometimes,때때로· 때로는· 이따금
somewhat,다소
somewhere,어딘가에· 어떤 곳· 어디선가
song,노래· 가곡· 성악
son-in-law,사위· 양자
soot,검댕· 매연· 검댕투성이가 되다
soothe,달래다· 진정시키다
sooty,검댕투성이의· 거무스름한
sore,아픈· 쓰라린
sorrow,슬픔· 슬퍼하다
sorrowful,슬픈· 비탄에 잠긴
sorry,미안하게 생각하는· 죄송합니다
soul,영혼
soundly,(잠을) 푹· 깊이
soup,수프
souvenir,기념품· 선물
sow,(씨를) 뿌리다· 심다
sparkle,불꽃· 불꽃을 튀기다· 섬광
spat,승강이· 옥신각신· 입씨름
speaking,말하기
speck,얼룩· 작은 반점· ~에 얼룩이 지게하다
speechless,말을 못하는· 말이 안 나오는
spell,철자를 말하다
spent,쓰여진
spinet,옛날의 소형 피아노
splash,~에 튀기다
splendid,화려한· 훌륭한· 빛나는
splendor,훌륭함· 빛남· 화려함
spoil,망치다· (음식물 등이) 상하다
spool,스풀· 실패· 실감개
spoon,숟가락· 스푼· ~을 숟가락으로 먹다
spoonful,한 숟갈 가득
spot,장소· 지점· 반점
spotted,반점이 있는
squabble,시시한 싸움· 티격태격· 언쟁
squint,사시· 사팔뜨기· 사팔뜨기이다
squire,지주· 시골유지
stage,무대· 단계· 상연하다· 연출하다
stagger,비틀거리다· 동요하다
staircase,계단· 층계· 계단 부분
stalk,줄기· (식물의) 대· 잎자루
stamp,우표· 스탬프· 우표를 붙이다· 발로 밟다
stampede,앞을 다투어 도망치기· 쇄도
stare,응시하다
staring,응시하는
steadfast,확고한· 부동의· 견실한
stealing,도둑질
stealthily,몰래· 은밀히
stepmother,계모
stepsister,이복 자매
stiff,뻣뻣한· 딱딱한· 단단한
stingy,침이 있는· 찌르는· 인색한
stir,휘젓다· 뒤섞다
stomach,위
stoop,몸을 구부리다· 웅크리다
strand,(밧줄의) 가닥· 좌초시키다
strange-looking,이상하게 생긴
strangely,이상하게
strangle,교살하다· 목 졸라 죽이다
strawberry,딸기
stream,흐름· 개울· 시내
strength,힘· 체력
stretcher,들것· ~을 들것으로 나르다
strictly,엄격히· 엄밀히
stripe,줄무늬· 줄무늬를 넣다
stroll,한가로이 거닐다· 산책하다· 산책
strongly,(물건 등이) 튼튼하게
struggling,고군분투
stuck,stick의 과거
student,학생· 연구생· 연구가
stuff,재료· 물건· 채워 넣다
stumble,발부리가 걸리다
subside,가라앉다· 침묵하다· 진정되다
success,성공
successful,성공한· 성공적인
successfully,성공적으로
suck,빨기· 흡인· 빨다
suddenly,갑자기
suggestion,제안
suit,(옷)한 벌· 소송· ~에 잘 어울리다
summertime,서머타임
sumptuous,사치스러운· 값비싼· 호화로운
sumptuously,사치스럽게· 호화롭게
sunday,일요일· 안식일· 일요일의
sundown,일몰
sunlight,햇빛
sunny,햇빛이 찬란한
sunshine,햇빛
supper,저녁 식사
supposedly,추정상· 아마
surely,확실히
surmise,추측· 추측하다
surprisingly,놀랄 만큼
survivor,생존자
suspense,불안· 걱정· 미정
swan,백조
swarm,떼· 군중· 벌 떼
swearin ,취임선서를 하다
sweat,땀· 땀을 흘리다
swift,날랜· 빠른· 신속한
swimming,수영
swirl,소용돌이치다
swish,휙휙 소리를 내다
Switzerland,스위스
swoop,급습하다· 급강하하다· 급습
sword,칼· 검· 무력
swordsman,검술가· 검객
table,식탁· 탁자· 테이블
tail,꼬리· 꼬리 부분의· 미행하다
tailor,재단사
taint,얼룩· 오명· 오염시키다
tale,이야기· 말
talker,이야기하는 사람
talking,말을 하는
tanned,햇볕에 탄
task,일· 직무· 과제
tassel,장식용 술· ~에 장식용 술을 달다
taunt,비웃음· 조롱· 비웃다· 조롱하다
teacher,교사· 선생님
teapot,찻주전자
teardrop,눈물(방울)
tearful,눈물어린
teeth,tooth(이빨)의 복수
teller,말하는 사람· 출납원
temple,절· 사원
temptation,유혹
ten,10· 10의
tenderness,상냥· 다정
tenth,제 10의· 열 번째
terribly,너무· 대단히· 끔찍하게
terrified,겁먹은
terrifying,겁나는
thankful,감사하는
thankless,은혜를 모르는· 배은망덕한
thatch,짚· 억새· 이엉
thicket,수풀· 덤불
thief,도둑· 절도범
thieve,훔치다· 도둑질하다
thimble,골무
thinking,생각함
thirst,목마름
thirsty,목마른· 갈망하는
thirty,30· 30의
those,그것들· 사람들· 그것들의
thou,(고어· 시)너· 그대
though,~이긴 하지만
thought,생각· 사상
thousand,1000· 1000의· 수천· 다수의
thousandth,1·000번째
thrash,탈곡하다· 탈곡· 호되게 때리다
three,3· 3의
throat,목· 목구멍
throng,군중· 다수· 떼 지어 모이다
thumb,엄지손가락
thumping,터무니없는
thunderous,우레 같은· 우레를 일으키는
thursday,목요일
thwart,좌절시키다· 훼방 놓다· 방해하다
thyme,백리향
tick,똑딱똑딱 소리· 똑딱거리다
tickle,간지럼· 간질이다
tiger,호랑이
tight,단단히 맨· 옷이 끼는
tighten,죄다
tightly,단단히
tightrope,팽팽한 줄· 줄타기를 하다
till,~까지· ~이 되어서 비로소· ~ 전
times,~에 곱하기
timid,소심한
timidly,겁에 질려
tiny,아주 작은· 조그마한
tip,뾰족한 끝· 사례금· 팁· 비결
tiptoe,발끝으로 서다· 조심스럽게 이야기하다
tiresome,지치는· 지루한
toad,두꺼비
toast,토스트· 구운 빵
toe,발가락· 발끝으로 대다· 비벼 끄다
Tolstoi,톨스토이
tomb,무덤
ton,톤
tongue,혀· 말· 언어
torch,횃불
torn,tear의 과거분사
tornado,토네이도
tortoise,거북이
totally,전적으로
tough,(고기· 가죽이)질긴· 강인한· 어려운
tower,탑· 타워
townsman,도회지 사람
townspeople,도시 사람
townswoman,도회지 여인
toy,장난감· 장난감의· 가지고 놀다
toyland,장난감나라
track,지나간 자국· 작은 길
tragedy,비극
trail,오솔길· 질질 끌다· ~을 추적하다
traitor,배반자· 반역자
tranquility,평정· 평온· 침착
transparent,투명한· 솔직한· 비치는
tremble,(땅 등이) 흔들리다
triumphant,승리를 거둔· 의기양양한
triumphantly,의기양양하여
trot,빠른 걸음으로 가다· 속보· 빠른 걸음
troublesome,성가신· 귀찮은· 곤란한
trousers,바지
truly,정말로
trunk,줄기· 몸통· 대형 여행 가방
truth,진실· 사실· 진리
tub,통· 욕조· 목욕하다
tuck,(옷) 단· 챙겨 넣다
tug,세게 잡아당기다· 예인선으로 끌다
tumble,굴러 떨어지다
tuna,참치
tune,곡· 가락· 조율하다
tunnel,터널을 파다· 굴· 터널
turf,잔디· 뗏장· 잔디로 덮다
turkey,칠면조
tut,쯧· 혀를 차다
twelve,12· 12의
twenty,20· 20의
twinkle,반짝반짝 빛나다
twitch,홱 잡아당기기· 경련· ~을 낚아채다
two,2· 2의
twosome,2개로 된· 2개 한 벌· 2인 시합
type,유형· 타입· 타이핑하다
ugliness,흉함
ugly,못생긴· 추한· 불쾌한
unable,~할 수 없는
unacceptable,받아들이기/용납하기 어려운
unbelievable,믿을 수 없는
unbelievably,믿을 수 없게
uncertain,확신이 없는· 불확실한
uncomfortable,불쾌한· 기분이 언짢은
uncomfortably,불편하게
uncontrollably,제어하기 힘들게· 감당하기 어렵게
undecided,미결의· 미정의
underestimate,과소평가하다
understandable,이해할 수 있는
underwear,내의· 속옷
undescribably,형편없이
undone,풀린· 원래대로의
uneasy,불안한
uneducated,교육받지 못한· 무학의
unequal,균등하지 않은· 고르지 않은
uneventful,무사 평온한· 평범한· 사건이 없는
unexpected,예기치 않은· 뜻밖의
unflinching,움츠리지 않는· 단호한· 끄떡 않는
unforgivable,용서할 수 없는
unfortunate,불행한
unfortunately,불행하게도
ungentlemanly,신사답지 못한· 천박한
ungrateful,은혜를 모르는
unhappiness,불행
unhappy,불행한
unicorn,유니콘
uniform,제복· 일정한· 똑같은
uniquely,독특하게
unkempt,흐트러진· 어질러진· 단정하지 못한
unknown,셀 수 없는· 알려지지 않은· 미지의
unlike,~와 같지 않은
unlikely,있을 법 하지도 않은
unlucky,불운한· 불행한
unpunished,벌 받지 않은
unroll,(감은 것을) 풀다· 펼치다
unshakable,흔들릴 수 없는· 부동의
unsure,확신이 없는· 불확실한· 불안정한
untie,(매듭을) 풀다
untrue,거짓의· 허위의
unusual,비범한· 별난
unwillingly,내키지 않아서· 마지못해서
upon,~하자마자
upper,더 위의· 상위의· 상류의
upside,상부· 윗면· 위쪽
usage,사용
used,중고의
useful,유용한· 쓸모 있는
useless,쓸모없는· 소용없는
usually,보통· 대개· 일반적으로
utter,말하다· 전적인· 완전한
vain,헛된· 허영심의· 자만심이 강한
various,여러 가지의· 가지각색의· 다양한
vase,꽃병· 항아리
vault,둥근 천장· 지하실
vein,맥락· 정맥· 광맥· 혈관· 잎맥
veritable,진실의· 틀림없는· 진정한
vex,괴롭히다· 화나게 하다· 초조하게 하다
view,경치· 전망· 의견
villager,마을 사람
villain,악인· 악한
violently,난폭하게
violin,바이올린
visible,(눈으로) 볼 수 있는
vision,시력· 시야· 통찰력· 환영· 환각
volume,(전집 등의)권· 부피· 양· 음량
voyage,항해· 항해하다
wade,걸어서 건너다
waist,허리
waiting,기다리는· 기다림
wake,깨다· 깨우다
walker,걷는 사람
walking,걷기
wan,창백한· 파랗게 질린
wand,(마술사의) 지팡이
wanted,지명 수배중인
wardrobe,옷장
warmer,난방기구
warmth,따뜻함
warren,토끼의 군서지
warship,군함· 전함
washing,세탁물
waugh,앙· 엉(어린애 울음소리)
waver,너울거리다· 흔들리다
weakly,(물건 등이) 약하게
wealthy,부유한· 넉넉한
wearily,지쳐서· 피곤하여· 싫증나서
weasel,족제비
web,피륙· 거미집· 거미줄같이 치다
wed,결혼하다
wedding,결혼식· 혼례
wednesday,수요일
weeping,눈물을 흘리는
weight,무게· 중량
well-being,복지· 안녕
well-dressed,옷맵시가 단정한· 잘 차려입은
well-known,유명한· 잘 알려진
whale,고래
whatever,~하는 것은 무엇이든· 어떤 ~일지라도
wheelchair,휠체어
whenever,언제나· 도대체 언제· 언제 ~할지라도
wherefore,무엇 때문에· 왜· 그러므로
whereupon,그래서· 그 때문에
wherever,어디로 ~하여도· 도대체 어디서
whew,어휴!
whilst,~하는 동안
whim,변덕· 일시적 기분
whinny,히힝(말 울음소리)
whip,채찍질하다· 채찍
whirlpool,소용돌이
whisker,구레나룻
whisper,속삭이다· 속삭임
whiteness,순백
whoa,워! (말을 멈출 때)
whoever,~하는 누구든지
wholeheartedly,진심으로· 성심성의껏
wildly,걷잡을 수 없이· 미친 듯이
willingly,기꺼이
wilt,시들다
wily,잔꾀를 부리는· 교활한
windmill,풍차· 바람개비· 풍차처럼 회전하다
windowsill,창턱
wine,포도주· 포도주를 마시다
wing,날개
wink,윙크하다
winning,승리한
wit,재치· 위트
witch,마녀
within,~이내에· ~안에· 안에· 내부에
woeful,비참한· 불행한· 슬퍼할
wolf,이리· 늑대
wonderfully,경이로울 만큼
woodcutter,나무꾼
wooden,나무로 만든· 무표정한
woodpecker,딱따구리
woolen,양털의· 모직물의
working,일하는
worldly,세속적인· 이 세상의· 세속적으로
worm,벌레· 기생충· 꿈틀거리며 나아가다
worried,걱정스러운
worrying,걱정되는
worst,최악의
worthy,가치 있는
would-be,~이 되려고 하는· ~지망의
woven,weave(짜다· 뜨다)의 과거분사
wow,와· 야· 갈채를 받다
wrap,싸다· 포장하다
wretch,녀석· 가엾은 사람
wriggle,꿈틀거리다· 꿈틀거리기
wrinkled,구겨진
yahoo,야후
yard,정원· 안뜰· 마당
yawn,하품하다· 하품
yell,외치다· 고함치다· 고함
yowl,우짖다· 우짖는 소리