A as well as B,B뿐만 아니라 A도
a good/great deal of,아주 많은 양의 ~
a good/great/large number of,아주 많은 수의 ~
a great many of,아주 많은 수의 ~
A is one thing B is another,A와 B는 별개의 문제이다
A is 배수 as ~ as B,A는 B의 ~배 ~하다
a lot/number of,많은
A only to,A 했지만 ~ 했다
abide by,지키다/ 준수하다
above all,무엇보다도
above all (things),무엇보다도
abstain from,～을 삼가다
according to /according as+절,～에 따라서/ ～에 의하면
account for,설명하다
achieve greatness,위업을 달성하다
act on,~에 작용하다/ ~에 영향을 미치다
add to,증가시키다
adhere to,～을 고수하다/ 들러붙다
after a while,잠시 후에
after all,결국/ ～에도 불구하고
after school,방과 후에
again and again,반복해서
against one's will,~의 의지에 반하여
agree to,동의하다(의견)
agree to＋사물,～에 동의하다
agree with,~와 일치하다/ ~에 동의하다(사람)
agree with＋사람,동의하다/ 적합하다
ahead of,~의 앞에
all afternoon,오후 내내
all along,쭉/ 처음부터
all at once,갑자기
all but,거의
all day (long),온종일
all of a sudden,갑자기
all one’s life,평생 동안
all over the country,전국 각지에
all the better for,~때문에 더욱 더 좋아진
all the same,그래도/ 역시
all the time,항상
all the way,계속해서/ 줄곧
all year round,일 년 내내
allow ~ to,~에게 ~ 하는 것을 허락하다
and so on,～ 등등/ 따위
answer for,책임지다
anything but,결코 ～이 아닌
apart (or aside) from,～은 별도로 하고
apply for,～에 지원하다
apply oneself to,～에 전념하다
apply to,～에 적용되다
appoint A to B,A를 B에 임명하다
apt to,～하기 쉬운
arrive at,~에 도착하다(좁은 장소)
arrive in,~에 도착하다(넓은 장소)
as ~ as ~ can,가능한 한 ~
as ~ as ever,여전히
as ~ as possible,될 수 있는 대로
as a matter of fact,사실
as a result,그 결과로
as a rule,통상/ 대체로
as far as,~하는 한 (범위)
as far as the eye can see,(눈이 볼 수 있는 한) 끝없이 펼쳐진
as for,～에 관하여 말하면
as good as,사실상/ ～과 같은
as if,마치 ~인 듯이
as it were,말하자면
as likely as not,아마
as long as,~하는 동안(기간)
as obvious as,~만큼 명백한
as regards,～에 관하여
as soon as,~ 하자마자 곧
as such,보통 말하는 그런
as the same time,동시에/ 한꺼번에
as though,마치 ~인 것처럼
as to+명사,~에 관해서
as usual,평소와 다름없이
as varied as,~만큼 다양한
as well,또한/ 역시
as yet,이제껏/ 아직까지
ask ~ to,~에게 ~ 하는 것을 요구하다
ask after,안부를 묻다
ask for,~을 요구하다
at a loss,어쩔줄을 몰라서
at all,전혀 (부정문에서)
at all costs,어떤 일이 있어도/ 꼭
at all events,어떤 경우라도
at any rates,어쨌든
at any time,언제라도
at best,아무리 잘해야
at birth,태어났을 때(에는)
at ease,쉬어!
at first,처음에는
at first hand,직접적으로
at hand,가까이
at home,편안한
at its height,그것의 절정기에/ 한창때에
at large,대개/ 상세히
at last,드디어
at least,적어도/ 어쨌든
at length,드디어/ 상세히
at liberty,자유로운
at most,기껏해야
at once,즉시/ 동시에
at once A and B,A이기도 하고 B이기도 한
at one's disposal,누구 마음대로 쓸 수 있는
at one's fingers' ends,～에 정통한
at one's wits' end,당황하여
at present,현재는
at random,함부로/ 닥치는 대로
at rest,움직이지 않는/ 정지해 있는
at second hand,간접적으로
at stake,성패가 달려있는/ 위태로운
at that time,그때
at the age of,~의 나이에
at the bottom of,~의 바닥에서
at the mercy of,～에 좌우되어
at the risk of,위험을 무릅쓰고
at the same time,동시에
at this time of year,연중 이맘때
at times,가끔
at work,작업 중의
attach oneself to,~에 달라붙다/ ~에 들러붙다
attempt to,~하려고 시도하다
attend on,시중들다
attend to,～에 주의하다
attribute A to B,A를 B의 탓으로 돌리다
avail oneself of,이용하다
avoid ~ing,~하는 것을 피하다
away from,~으로부터 멀리
based on,~을 근거로/ ~을 기본으로
be able to,~ 할 수 있다
be about to,막 ~하려고 하다/ 막 ~하려는 참이다
be absent from,결석하다
be absorbed in,～에 열중하다
be accustomed to,～에 익숙하다
be added to,~에 추가되다
be afraid of,~을 두려워하다
be allowed to,~하도록 허락받다/ 허용되다
be angry at,~에 화내다
be anxious about,근심하다
be anxious for,갈망하다
be approved by,~에 의해 승인되다
be apt to,~하기 쉽다
be aware of,알고 있다
be badly off,궁핍하다
be based on,~에 기반을 두다/ ~에 근거하다
be blind to,~을 모르다
be born in,~에서 태어나다
be bound to,틀림없이 ～하다/ ～하지 않을 수 없다
be broken down,쪼개지다/ 부서지다
be broken into,~로 분해되다/ ~로 쪼개지다
be busy ~ing,~하느라고 바쁘다
be capable of,~을 할 수 있다
be captivated by,~에 사로잡히다/ ~에 얼을 빼앗기다
be caused by,~에 의해 초래되다/ ~에 의해 야기되다
be centered on,~을 중심으로 하다
be characterized by,~을 특징으로 하다
be classified by,~에 의해 분류되다
be composed of,～으로 구성되다
be comprised of,~로 이루어지다/ ~로 구성되다
be concerned in(or with),～과 관계가 있다
be conducted by,~에 의해 행해지다
be connected to,~에 연결되다
be conscious of,알고 있다
be crowded with,~으로 혼잡하다
be devised by,~에 의해 고안되다/ ~에 의해 창안되다
be different from,~와 다르다
be disposed to,~하고 싶다
be due to+동사,～할 예정이다
be eager for,～을 열망하다
be engaged in,종사하다
be equal to,～을 감당할 능력이 있다
be familiar with,~에 익숙하다
be famous for,~으로 유명하다
be filled with,~으로 가득 차 있다
be fit for,～에 적합하다
be fond of,~을 좋아하다
be forced to+do,~하도록 강요당하다
be founded by,~에 의해 설립되다/ ~에 의해 건국되다
be full of,~으로 가득 차 있다
be good at,~에 능숙하다
be good for nothing,아무짝에도 소용없다
be greeted by,~에 의해 맞아들여지다/ ~로 환영받다
be in danger,위험한 처지에 놓여 있다
be in great demand,수요가 많이 있다/ 잘 나가다
be in trouble,곤경에 빠져 있다
be inclined to,~하고 싶은 기분이다
be integrated back,다시 통합되다
be interested in,~에 흥미가 있다
be involved in,~에 연관되다
be kind to,~에 친절하다
be known for,~로 알려지다
be lacking in,~이 없다
be laid out,배치되다/ 놓이다
be late for,~에 지각하다
be left behind,(뒤에) 남겨지다/ 남다
be likely to,~할 것 같다
be made from,~로 만들어 졌다(화학적 변화)
be made of,~로 만들어 졌다(물리적 변화)
be manufactured by,~에 의해 제조되다
be motivated to,~하도록 동기부여가 되다/ ~하도록 고무되다
be named after,~의 이름을 따서 명명되다
be obliged to,～하지 않을 수 없다
be out of order,고장 나 있다
be overshadowed by,~에 의해 가려지다/ ~에 가려 빛을 못 보다
be passed down,(후대에) 전해지다
be pleased to,~하니 기쁘다
be pleased with,~에 만족하다
be poor at,~ 에 서툴다
be possessed of,소유하다
be possessed with,～에 사로잡혀 있다
be proud of,~을 자랑하다
be pushed back,밀리다/ 밀려나다
be ready to,~을 준비하다
be renowned for,~로 유명하다/ ~로 잘 알려지다
be replaced by,~에 의해 대체되다
be responsible for,~에 대해 책임을 지다/ ~을 맡다
be rich in,~이 풍부하다
be ruled by,~에 의해 지배되다/ ~에 의해 다스려지다
be satisfied with,~에 만족하다
be sensible of,알고 있다
be short of,~이 부족하다
be subject to,～영향을 받다/ ~의 대상이다
be suitable for,~에 적절하다/ ~에 적합하다
be supposed to,～할 예정이다
be sure of,～을 확신하다
be sure to,틀림없이 ～하다
be surprised at,~에 놀라다
be tired from (or with),피곤해지다
be tired of,싫증이 나다
be to+do,(예정/ 가능/ 의무/ 운명/ 의도)의 뜻
be true to,～에 충실한
be used to,~에 익숙하다
be used to+명사/～ing,～에 익숙하다
be well known for,~로 잘 알려지다
be well off,넉넉하다
be well organized,(조직이) 잘 짜이다/ 질서 정연하다
be willing to,기꺼이 ~하다
be worth+~ing,~할 가치가 있다
be written down,쓰여지다/ 작성되다
bear in mind,명심하다
because of,때문에
become civilized,문명화되다/ 개명하다
become of,～이 (어떻게) 되다
before long,곧
behind the times,시대에 뒤떨어진
behind time,시간에 늦은
believe in,~의 존재를 믿다
belong to,~에 속하다
bend down,숙이다/ 수그리다
besides ~ing,~ 외에/ ~에 더하여
beyond bearing,도저히 참을 수 없는
beyond one’s ~,~이 미치지 않는
big time,(연예계) 대성공/ 대규모로/ 대단히
black out,~을 깜깜하게 만들다
blame ~ on,~을 ~의 탓으로 돌리다
blind oneself,눈이 멀다/ 장님이 되다
block ~ from,~가 ~하는 것을 막다/ 방해하다
blow one's nose,코를 풀다
both A and B,A/ B 둘 다
bottle up,(감정을 드러내지 않고) 억누르다
break in,침입하다
break into,~로 쪼개지다/ (건물에) 침입하다
break one's promise,약속을 어기다
break out,갑자기 발생하다
break the ice,어색한분위기를 깨다
bring about,발생시키다/ 야기하다
bring back,돌려주다/ 소생시키다/ ~을 생각나게 하다
bring home to,～을 절실히 느끼게 하다
bring to,~의 정신을 들게 하다/ 소생시키다
bring up,교육하다/ 양육하다
burst into,갑자기 시작하다
bustle up,열심히 일하다/ 서두르다
by accident,우연히
by all means,어떤 일이 있어도/ 좋고말고요
by and by,이윽고/ 곧
by degrees,점차로
by dint of,～에 의하여
by itself,혼자서/ 스스로
by land,육지로/ 육로로
by means of,～에 의하여
by no means,결코 ～이 아닌
by the time,~할 무렵에
by the way,그런데
by the week,주급으로
by train,기차로
by way of,경유하여/ ～으로서
call ~ up,~에 전화를 걸다
call at+집,~을 방문하다
call for,요구하다
call off,취소하다
call on+사람,~을 방문하다
cannot ~ too,아무리 ~해도 지나치지 않다
cannot help ~ing,~ 하지 않을 수 없다
care for,좋아하다/ 돌보다
carry away,실어 나르다/ 넋을 잃게 하다/ 열광하게 하다
carry on,계속하다/ 경영하다
carry out,수행하다
cast a shadow,그림자를 드리우다
catch a disease,병에 걸리다
catch sight of,～을 언뜻 보다
catch up with,～을 따라가다
chance of,~의 가능성
cling to,~을 고수하다
close at hand,가까이
closed figure,닫힌 도형
come about,일어나다
come across,우연히 만나다
come back,돌아오다/ 생각나다/ 상기하다
come by,획득하다/ 방문하다
come in contact with,～와 접촉하다
come out,나타나다/ 드러나다/ 밖으로 나오다
come over,건너오다/ 엄습하다
come through,성공하다/ 해내다/ 이겨내다
come to,(총계) ~이 되다/ (생각이) 들다
come to life,소생하다/ 살아 움직이다
come to pass,일어나다
come to power,정권을 장악하다/ 권력을 쥐다
come to+do,~하게 되다
come together,모이다
come true,실현되다
come up to,동등하다/ ～에 이르다
come up with,～에 따라가다/ 생각해내다
compare A to B,A를 B에 비유하다
compared with,~와 비교하여
compete to,~하기를 경쟁하다/ 앞 다투어 ~하다
concentrate in,~에 집중하다/ ~에 모이다
concerning,~에 관해서
congratulate on,~을 축하한다
consist in,놓여 있다
consist of,구성되다
consort with,~와 어울리다
contrast of,~의 대비/ ~의 대조
contribute to,~에 기여하다/ ~에 공헌하다
cope with,처리하다/ 다루다
correspond to,비등하다/ 일치하다
correspond with,서신 교환을 하다
count for much,매우 중요하다
count on,～을 믿다
creep out,(살금살금) 기어 나오다
cross dress,이성용의 옷을 입다
cry for joy,기뻐서 울다
cry over,~을 한탄하다
cut a fine figure,두각을 나타내다
cut down,~을 베어내다/ 값을 내리다
cut in,끼어들다
cut off,잘라 내다
day and night,밤낮으로
deal in,장사하다
deal with,다루다/ 취급하다
decorate with,~로 장식하다
depend on,의지하다
devote oneself to,～에 몰두하다
die from,~으로 죽다(부주의/ 과로)
die of,~으로 죽다(병/ 노년)
dispense with,～없이 지내다
dispose of,～을 처분하다
distinguish A from B,A와 B를 구분하다
distinguish oneself,뛰어나다
divide evenly,나누어떨어지다
do away with,제거하다/ 죽이다
do good,～에게 이익이 되다
do good to,이익을 주다
do harm,해를 끼치다
do one justice,～를 공평히 평가하다
do one’s best,최선을 다하다
do one's best,최선을 다하다
do over,다시 하다
do well to,～하는 게 좋다
do without,없이 지내다
don't have to+do,~할 필요가 없다
doze off,(낮에) 잠이 들다
draw up,(길가로 가서) 멈추다/ 세우다
dress up,차려입다
drive away,몰아내다/ 밀어내다
drop in(on+사람/at+집),우연히 방문하다
drop out,낙오하다/ 떨어져 나가다
due to,~으로 인하여/ ~때문에
due to+명사,～ 때문에
dwell in,~에 살다
dwell on,상술(詳述)하다/ 곰곰이 생각하다
each other,서로(둘 사이에)
eat one's word,앞서 한 말을 취소하다
eat up,먹어 치우다
either A or B,A이든가 B이든가 한 쪽
emerge triumphant,큰 승리를 거두다/ 크게 성공하다
emphasis on,~애 대한 강조
empty suit,속 빈 강정/ 빈 수레
enable to,~할 수 있게 하다
end in,~로 끝나다
end with,~와 함께 끝나다
engage in,~에 종사하다/ ~에 관여하다/ ~에 연루되다
enough for+명사,~에 있어서 충분한
enough to+do,~하기에 충분한
enter into,～을 시작하다
even if,~일지라도
even though,~일지라도
every now and then,이따금/ 가끔
(every) once in a while,가끔/ 이따금
every time = whenever,~할 때마다
excel in,~에서 뛰어나다/ ~을 잘하다
except for,~을 제외하고
exert oneself,노력하다
express oneself,의견을 나타내다
face the music,벌을 받다/ 책임지다
face to face,대면하여
fade away,사라지다
fade out,점점 희미해지다
fail in,～에 실패하다
fail to+do,실패하다/ ~ 하지 못하다
fall a victim to,～의 희생이 되다
fall asleep,잠들다
fall back down,다시 아래로 떨어지다
fall back on,～에 의지하다
fall down,넘어지다
fall in love with,사랑에 빠지다
fall in with,우연히 만나다/ 동의하다
fall off,떨어져 나가다
fall short of,미달하다
fall to,시작하다
far away,멀리 떨어져 있는
far from,결코 ～이 아닌
farm the land,농사를 짓다/ 땅을 일구다
feed off,~을 먹다/ ~을 먹고 살다
feed on,~을 먹이로 하다/ ~을 먹고 살다
feel at home,편히 느끼다
feel for,동정하다/ 더듬다
feel like ～ing,～하고 싶다
feel like ~ing,~을 하고 싶다
feel responsible for,~에 대해 책임을 느끼다
figure out,알아내다/ 계산해 내다
fill out,(서류의 빈칸을) 채우다
find fault with,～을 비난하다
find out,발견하다/ 찾아내다
fire on,~에 발포하다
first of all,무엇보다도
fix up,～을 수선하다
flatten out,차츰 평평해지다/ 오름세가 멈추다
fly off,날아가 버리다/ 떨어져 나가다
focus on,~에 초점을 맞추다/ ~에 집중하다
for (this) once,한 번만(이번만)
for a long time,오랫동안
for a minute/moment,잠시 동안
for a second/while,잠시 동안
for ages,오랫동안
for all,～에도 불구하고
for all I know,아마
for all the world,어떤 일이 있어도
for certain,틀림없이
for convenience' sake,편의상
for ever,영원히
for example(or instance),예를 들어
for good (and all),영원히
for lack of,～이 부족하여
for my part,나로서는
for nothing,헛되이/ 이유 없이/ 공짜로
for one thing,첫째로는
for one's life,필사적으로
for oneself,혼자 힘으로
for something’s sake,~을 위해서
for the first time,처음으로
for the future,이후로는/ 장래는
for the last time,마지막으로
for the life of me,아무리 해도
for the most part,대부분/ 대개
for the occasion,임시로
for the present,당분간
for the purpose of,~할 목적으로/ ~을 위해
for the sake of,～을 위하여
for the time being,당분간
for this reason,이런 이유로
for want of,～이 부족하여
for years,여러 해 동안
force ~ upon,~에게 ~을 강요하다
freak out,기절초풍하다
free from,～이 없는
free of,~이 없는
freshen up,몸단장을 하다
from A till B,A에서부터 B까지 (시간)
from A to B,A에서부터 B까지 (장소 & 시간)
from age to age,대대로
from bad to worse,악화하다
from hand to mouth,그날 벌어 그날 사는
from now on,지금부터 계속해서
from one end to the other,한쪽 끝에서 다른 쪽 끝까지
from then on,그때부터 계속해서
furnish A with B,A에게 B를 공급하다
gain access to,~에 접근하다
gain on,～에 따라미치다/ ～을 침식하다
gain popularity,인기를 얻다/ 대중적이 되다
gang up on,~을 집단으로 공격하다
generally speaking,일반적으로 말해서
get along,진척되다/ 살아가다
get along with,~와 사이좋게 지내다
get at,도달하다/ 이해하다
get away,도망치다/ 떠나다
get away with,~을 훔쳐 달아나다/ 죄를 짓고도 무사하다
get back,돌아오다
get exposed,드러나다
get fossilized,화석화되다
get in one's way,～의 방해가 되다
get lost,길을 잃다
get off,내리다
get on,타다
get on with,사이좋게 지내다
get out of,~에서 빠져나오다
get over,회복하다/ 극복하다
get rich,부자가 되다/ 부유해지다
get rid of,제거하다
get stuck on,~에 달라붙다
get the better of,이기다
get the most out of,최대한 활용하다
get through,끝마치다
get tired of,싫증나다
get to,도착하다
get to one's feet,일어서다
get transferred,전달되다/ 전이되다
get up,일어나다
get wind of,눈치 채다
give ~ a call,~에 전화를 걸다
give a party,파티를 열다
give away,(남에게) 거저 주다/ (비밀·정보를) 누설하다
give back,돌려주다
give charity,자선을 베풀다
give forth,～을 발산하다
give in,제출하다/ 굴복하다/ 무너지다
give oneself to,몰두하다
give out,(힘이) 다하다/ 배부하다
give place to,～와 교대하다
give rise to,일으키다
give up,포기하다/ 굴복하다
give way,무너지다/ 물러나다
give way to,~로 바뀌다[대체되다] ~에게 길을 내주다
go down,(가격 등이) 내려가다
go extinct,멸종하다
go for,~을 얻으려 하다/ ~을 좋아하다
go on,계속하다
go shopping,쇼핑하러 가다
go through,(고통을) 겪다/ 경험하다
go through the roof,최고에 달하다
go to bed,잠자리에 들다
graduate from,졸업하다
grow up,자라서 ~이 되다
had better,~하는 편이 낫다
hand down,유산으로 남기다
hand in,제출하다
hand in hand,손을 마주 잡고/ 제휴하여
hand over,넘겨주다/ 양도하다
happen to,우연히 ～하다
happen to+do,우연히 ~하게 되다
have a good opinion of,～을 좋게 생각하다
have a good time,즐겁게 지내다
have a habit of,~하는 습관이 있다
have a look at,~을 보다
have a mind to,～하고 싶다
have an affair,정부를 두다
have an ear for,～에 대한 감상력이 있다
have an idea of,～을 알다
have been ~ing,쭉 해 오고 있다
have difficulty (in) ~ing,~ 하는 데 곤란을 느끼다
have done with,～을 끝내다
have much to do with,~와 관계가 많다
have nothing to do with,～과 관계가 없다
have on,입고 있다
have one's own way,마음대로 하다
have only to,~ 하기만 하면 된다
have the best of it,이기다
have the kindness+to부정사,친절하게도 ~하다
have to do with,～와 관계가 있다
head down,머리를 숙이고
head for,~을 향해 가다
hear from,소식을 받다
hear of,～에 관해 소문을 듣다
heel over,쏠리다
help oneself to,맘껏 들다
help+사람+with+일,~의 일을 돕다
hit on,우연히 만나다/ 생각나다
hold back,억제하다/ ~을 말리다
hold good,유효하다
hold on,기다리다/ 붙잡다/ 계속하다
hold out,내밀다/ 저항하다
hour after hour,매 시간
how to do,~ 하는 방법
however A may ~,아무리 A해도 ~하다
hurry out,서둘러서 나가다
hurry up,서두르다
I am sure (that) ~,~을 확신하다
if it were not for ~,만약 ~이 없다면
if only,~이면 좋을 텐데
ill at ease,불안한
ill in bed,병으로 누워 있는
impose a tax,세금을 부과하다
in ~ing,~할 때는
in a circular path,원형 궤도로
in a degree,조금은/ 어느 정도
in a hurry,서둘러
in a little while,곧
in a measure,어느 정도
in a sense,어떤 의미에 있어서
in a short time,잠시 후에
in a train,기차로
in a vacuum,진공상태에서
in a way,어떤 면에서는
in a word,간단히 말해서
in accord with,～와 일치하여
in accordance with,～에 따라서
in addition to,～뿐만 아니라/ 부가하여
in advance,미리/ 사전에
in all,모두 합해서
in an instant,순식간에
in any way,아무렇게나/ 어떻게든
in balance,균형이 잡혀/ 조화롭게
in behalf of,～을 위하여
in case of,～의 경우에
in charge of,～을 책임지다
in common,공통으로/ 공통적으로
in consideration of,～을 고려하여
in contact with,～와 접촉하다
in course of,～하는 과정에
in debt,빚을 진
in detail,상세히
in dispute,논쟁중인/ 분쟁중인
in fact,사실
in favor of,～에 찬성하여/ ～을 위하여
in fear of,~을 두려워해서
in front of,~의 앞에
in general,대개
in half,반으로/ 절반으로
in harmony,조화롭게/ 평화롭게
in honor of,～에게 경의를 표하여/ ～을 기념하여
in itself,그 자체로는
in labor,진통중인
in Latin,라틴어로
in less than,~도 못 되어
in life,인생에서
in many ways,여러 가지 점에서
in most cases,대개의 경우
in motion,움직이고 있는/ 운동 중인
in nine cases out of ten,십중팔구
in no time,즉시
in one's life,생전에
in one's place,～대신에
in one's wits,제 정신으로/ 진정으로
in order to,~하기 위해서
in other words,즉/ 다시 말해서
in particular,특히
in person,본인 자신이/ 몸소
in place of,～대신에
in practice,사실상
in praise of,～을 칭찬하여
in preference to,～보다 우선하여/ ～보다 차라리
in private,개인적으로/ 내밀히
in process of,～하는 과정에
in proportion as[to],～에 비례하여
in public,공개적으로
in pursuit of,～을 추구하여
in reality,사실
in regard to,～에 관하여
in reply to,~에 답으로서
in reserve,비축되어 있는/ 예비로 마련해 둔
in respect of,～에 관하여
in return,(~에 대한) 반응으로/ 답례로
in return for,～의 보답으로
in search of,～을 찾아서
in shift,교대로
in short,간단히 말해서
in sight,보이는
in size,크기에 있어서
in spite of,～에도 불구하고
in store,~에게 닥쳐올
in succession,계속하여
in terms of,～에 의하여/ ～의 견지에서
in that,~이라는 점에서
in the cause of,～을 위하여
in the center of,~의 한 복판에
in the distance,멀리서
in the end,결국
in the event of,～할 경우에
in the face of,～에도 불구하고/ ～의 면전에서
in the first place,우선
in the form of,~의 형태로
in the future,미래에는
in the long run,결국
in the meantime,그 동안에
in the middle of,~의 중앙에
in the midst,한창일 때
in the past,과거에는
in the presence of,～의 면전에서/ ～의 앞에서
in the teeth of,～에도 불구하고
in the way,방해가 되는
in theory,이론적으로
in these days,요즘에
in this respect,이 점에 있어서
in three ways,세 가지 방식으로
in time,머지않아/ 시간에 맞게
in touch with,～와 접촉하여/ ～에 뒤떨어지지 않다
in truth,정말/ 참으로
in turn,차례로
in vain,헛되이
in various stages,여러 단계에서/ 여러 단계로
in view of,～의 견지에서/ ～이 보이는 곳에
in virtue of,～의 힘으로/ ～에 의하여
in want of,～이 결핍하여/ ～이 필요하여
in waves,파동의 형태로
inquire after,안부를 묻다
inquire into,조사하다
inspired by,~에 의해 영감을 받은
instead of,～대신에
into the bargain,덤으로/ 그 위에
invite A to B,A를 B에 초대하다
It appears that,~인 것처럼 보인다
It goes without saying that,~은 말할 것도 없다
It is ~ for(of) ~ to,it은 to 이하를 가리킴
It is ~ that절/의문사절,it은 절 이하를 가리킴
It is no good ~ing,~ 해도 소용없다
It is no use ~ing,~ 해도 소용없다
It is said that ~,~이라고 한다
It seems that,~인 것 같다
It won't be long before,머지않아 곧
judging from,～으로 판단컨대
keep ~ a secret,~을 비밀로 하다
keep ~ from,~에게 못하게 하다
keep ~ing,계속해서 ~하다
keep a diary,일기를 쓰다
keep abreast of(with),～와 보조를 맞추다
keep back,감추다
keep company with,～와 친히 사귀다
keep down,누르다
keep in mind,명심하다
keep one's word,약속을 지키다
keep up (with),따라가다
kick up,(먼지를) 일으키다/ 거세지기 시작하다
kind of,종류의
know ~ by heart,암기하다
know A from B,A와 B를 구별하다
last for,~동안 지속되다
later on,후에/ 나중에
laugh at,비웃다/ 소리 내어 웃다
lay aside,저축하다
lay down,버리다/ 계획하다
lead the way,길을 이끌다/ 선도하다/ 앞장서다
lead to,～으로 이르다/ ～을 가져오다
lean against,~에 기대다
lean on,~에 의지하다
learn ～ by heart,암기하다
learn by heart,암기하다
learn to,～하게 되다
leave A for B,B를 향해서 A를 떠나다
leave A with B,A를 B에게 맡기다
leave off,중단하다
leave out,생략하다/ 잊다
less ~ than A,A만큼 ~ 아니다
let alone,～은 말할 것도 없이
let go,해방하다/ (쥐고 있던 것을) 놓다
lie down,누워 있다
lie in,～에 놓여 있다
line up,줄을 서다
listen to,귀를 기울이다
little (or no) better than,～과 거의 비슷한
little by little,조금씩 조금씩
little short of,거의
live on,～을 먹고 살다
live up to,(기대에) 부응하다
long ago,오래전에
long for,갈망하다
look after,돌보다/ 찾다
look alike,같아 보이다/ 비슷해 보이다
look at,~을 쳐다보다
look back upon (or at/ on),회상하다
look down on,멸시하다
look for,찾다/ 기대하다
look forward to,고대하다
look forward to ~ing,~를 학수고대하다
look into,조사하다
look like,～처럼 보이다
look on,방관하다/ 간주하다
look out,조심하다
look over,검사하다/ 눈감아 주다
look to A for B,A에게 B를 바라다
look up to,존경하다
look upon A as B,A를 B로 간주하다
lose heart,낙담하다
lose no time in ～ing,곧 ～하다
lose one's temper,화를 내다
lose oneself in,몰두하다/ 길을 잃다
lose sight of,놓치다/ 안보이다
lots of,많은
make A (out) of B,B를 A로 만들다
make a decision,결정을 내리다/ 결정하다
make a fool of,조롱하다
make a fortune,돈을 모으다
make a Hajj,하지를 하다/ 성지 순례를 하다
make a mistake,실수하다
make a point of ～ing,～을 습관으로 하다
make a prayer,기도하다/ 기도를 올리다
make a speech,연설하다
make a statement,서술하다/ 기술하다/ 설명하다
make a wish,소원을 빌다
make allowances for,～을 참작하다
make an effort,노력하다
make an offering,제물[공물]을 바치다
make away with,죽이다/ 제거하다
make believe,～체 하다
make both ends meet,수지(收支) 균형을 맞추다
make for,～으로 향해 가다/ 공격하다/ 기여하다
make fun of,비웃다/ 조롱하다
make good,성공하다/ 보상하다/ 수행하다
make haste,서두르다
make head or tail of,이해하다
make it a rule to,~하는 것을 규칙으로 하다
make light of,경시하다
make money,돈을 벌다
make much account of,～을 중시하다
make much of,중요시하다
make no difference to,상관없다
make noise,떠들다/ 소리를 내다
make one's way,앞으로 나아가다/ 성공하다
make oneself at home,편히 하다
make out,이해하다/ 성공하다/ 작성하다/ ～체 하다
make progress in,~에 진보하다
make room for,～에게 자리를 내주다
make sure,확인하다
make the best of,～을 잘 이용하다
make up for,보충하다/ 보상하다
make up one's mind,결심하다
make use of,～을 이용하다
manage to,가까스로 ～하다/ 이럭저럭 ～하다
manage to+do,가까스로 ~하다
matter little,중요하지 않다
may as well,~하는 편이 낫다
may well,~하는 것도 당연 하다
meet with,우연히 만나다
might as well ~ as,~하느니 ~ 하는 편이 낫다
mind ~ing,~하는 것을 꺼리다
mistake A for B,A를 B로 잘못 보다
more and more,점점 더
more often than not,흔히/ 대개
more or less,약/ 다소
more than anything else,무엇보다도
most of all,무엇보다도
move away,멀어지다/ 떠나가다
move to,이사하다
much more+명사,~은 말할 것도 없고
need not+do,~ 할 필요가 없다
neither A nor B,A도 B도 아니다
never ~ but+절,~하면 반드시 ~ 하다
never ~ without ~ing,~하면 반드시 ~ 하다
never fail to,반드시 ~ 하다
next time,다음에는
next to,~의 옆에
no better than,～과 다름없는
no less ~ than A,A와 마찬가지로 ~이다
no less than,자그마치/ ~만큼이나
no longer,이미 ～이 아닌
no matter how,비록 ~한다 해도
no matter what,아무리 ~이든/ ~일지라도/ 비록 ~한다 해도
no matter when,비록 ~한다 해도
no matter where,비록 ~한다 해도
no matter who,비록 ~한다 해도
no more than,겨우 ~밖에
none but+명사,단지 ~만
none the less,그럼에도 불구하고
not ~ any longer,이제 ~이 아니다
not ~ at all,전혀 ~이지 않다
not ~ because,not이 because 까지 부정
not A before,A 하지 않아 곧 ~하다
not A but B,A가 아니고 B인
not a few,적지 않은
not always,반드시 ～은 아니다
not less than,적어도
not more than,기껏해야
not only A but (also) B,A뿐만 아니라 B도
not so much A as B,A라기보다는 오히려 B
not to mention,～은 말할 것도 없이
not to say,～라고 할 정도는 아니지만
not to speak of,～은 말할 것도 없이
nothing but,겨우/ ～뿐
now and again(then),이따금
now that,이제 ～이니까
of consequence,중요한
of course,물론
of late,최근에
of necessity,필연적으로
of no use,쓸모없는
of one's own choice,자기가 좋아서
of service,도움이 되는
of use,유용한
off and on,간간이/ 때때로
off duty,비번(非番)의
on ~ing,~ 하자마자
on account of,～때문에
on and on,계속하여
on behalf of,～을 대표하여
on business,비즈니스로
on duty,당번(當番)의
on end,계속하여/ 똑바로
on foot,도보로
on good terms with,～와 사이가 좋은
on hand,보유하여
on no account,결코 ～이 아닌
on one’s way to,~로 가는 도중에
on one's way,도중에
on purpose,일부러/ 고의로
on the+신체 부분,신체 부분을
on the basis of,~을 기초로 해서
on the brink of,막 ～하려는 차에
on the contrary,그와는 반대로
on the ground of,～의 이유로
on the other hand,또 한편
on the point of,～하는 순간에
on the radio,라디오에서
on the side of,~의 편에 서서/ ~을 편들어
on the spot,그 자리에서/ 곧
on the verge of,막 ~하려는/ ~하기 직전의
on the whole,대체로
on time,정각에
on TV,TV에서
once and again,재삼/ 여러 번
once for all,이번 한 번만/ 딱부러지게
once more,한 번 더
once upon a time,옛날에
one ~ another ~,어떤 것은 ~ 또 다른 어떤 것은~
one ~ the others,하나는 ~ 나머지 전부는 ~
one after another,차례차례로
one after the other,교대로
one and all,모두 한결같이
one another,서로(셋 이상 사이에)
one by one,하나씩
one day,어느 날 (과거의)
one morning,어느 날 아침
only a few,불과 몇
open a new front,새로운 전선을 구축하다
opponent of,~에 대한 반대자
or so,약/ ～쯤
other than,～외에는/ ～와는 다른
out of,~(원료)로/ ~를 가지고/ ~ 중의
out of earshot,~의 소리가 들리지 않을 만큼 먼
out of one's wits,제 정신을 잃고
out of order,고장난
out of place,부적당한/ 제자리에 놓이지 않은
out of sight,안 보이는
out of sorts,불쾌한
out of spite,악의로
out of the question,불가능한
over and over again,여러 번 반복해서
over there,저기에
owe A to B,A는 B 덕분이다
owing to,～때문에
pan out,전개되다/ 진행되다
part from+사람,～와 헤어지다
part with+물건,～을 내놓다
pass away,돌아가시다/ 지나쳐 사라지다
pass down,~을 (후세에) 전하다
pass for,～으로 통하다
pass through,경험하다/ 겪다
pay a visit to,~을 방문하다
pay attention to,～에 주의하다
pay for,지불하다
pay high prices,높은(비싼) 가격을 지불하다
pay off,(빚 등을) 갚다/ 이득을 보다/ 성취하다
persist in,고집하다
pick on,~을 괴롭히다
pick out,고르다
pick up,집어 올리다/ 줍다/ 차에 태워 주다
picture to oneself,상상하다
piece together,(조각 등을) 짜 맞추다/ 이어 맞추다
pissed off,화가 나는/ 짜증나는
play a part,역할을 하다
play a trick on,~에게 장난치다
plenty of,많은/ 충분한
plunge in,(안으로) 벌컥 뛰어들다/ 맹렬히 돌진하다
point out,지적하다
pour into,~에 들이붓다/ ~로 쏟아져 들어오다
prepare for,~을 준비하다
pretend to,~인 체하다
prevail on,～를 설득하다
prevent ~ from ~ing,~이 하는 것을 막다
prevent ～from,～을 막다
pride oneself on,～을 자랑하다
prior to,～의 이전의
proceed to,~로 나아가다/ ~를 (계속) 진행하다
provide for,부양하다/ 대비하다
provided (that),만약 ～하면
providing (that),가령 ~하면
puff some strings,영향력을 발휘하다
pull away from,~로부터 몸을 빼다/ 몸을 돌리다
pull back,물러나다/ 취소하다
pull over,(차를) 길가에 세우다
pursuit of,~의 추구
put down,내려놓다
put into practice,실시하다
put off,연기하다
put on,입다
put on airs,잘난 체하다
put out,불을 끄다
put through,연결하다/ (시련 등을) 겪게 하다
put to use,사용하다
put up at,～에 숙박하다
put up with,참다
qualify for,~의 자격을 얻다
quite a few,꽤 많은
rain cats and dogs,비가 억수같이 쏟아지다
rather A than B,B라기보다는 A
read A to B,A를 B에게 읽어 주다
read between the line,행간의 숨은 뜻을 읽다
read through,통독(通讀)하다
ready to+동사,기꺼이 ～하는
refer to,언급하다/ ～의 탓으로 돌리다
refrain from,～을 삼가다
regard A as B,A를 B로 간주하다
regardless of,～에도 불구하고/ ～에 관심 없이
rely on,～에 의존하다/ 믿다
remember ~ing,~ 한 것을 기억하다
remind A of B,A에게 B를 생각나게 하다
resign oneself to,～을 체념하여 받아들이다
resort to,자주 드나들다/ ～에 의지하다
respond to,~에 반응하다
rest on,～에 의존하다/ ～에 달려 있다
rest with,(결정권 등이) ~에게 달려 있다
result from,결과로서 ～이 생기다
result in,결국 ～이 되다
rid A of B,A에게서 B를 제거하다
ride a horse,말을 타다
right away,즉시/ 당장에
right here,바로 여기에
right now,바로 지금
rip off,~을 훔치다
rise in the world,출세하다
rise to one's feet,일어서다
rob A of B,A에게서 B를 빼앗다
root out,～을 근절하다
rule out,(규칙에 의해) 제외하다
run a risk,모험하다
run across,뜻밖에 만나다
run after,～을 뒤쫓다
run against,부딪치다
run at,달려들다
run away,도망가다
run for,~에 출마하다
run into,충돌하다
run one's own business,(개인) 사업을 경영하다/ 자영업을 하다
run out of,～이 부족하다
run out of steam,기력이 다하다
run over,훑어보다/ (차가) 치다
run short of,～이 부족해지다
safe and sound,무사히
say to oneself,~라고 마음속으로 생각하다/ 혼잣말을 하다
screw up,나사로 고정시키다/ ~을 엉망으로 하다
search for,~을 찾다
search for (or after),～을 찾다
second to none,최고의
see into,조사하다
see off,전송하다
see to (it that),～에 주의하다/ ～하도록 하다
seeing that,～을 고려하건대
seek to,~하려고 (시도)하다
sell out,매진하다/ 다 팔다
send for,～를 부르러 보내다
send forth,내다/ 방출하다
serve right,당연한 벌이다
set ~ apart,~을 ~와 다르게 만들다/ 차별화시키다
set about,시작하다
set aside,제쳐놓다/ 저축하다
set free,석방하다
set in,시작하다
set off,출발하다
set out(or off),출발하다/ 착수하다
set sail,출항하다/ 항해를 시작하다
set store by,～을 중히 여기다
set to,시작하다/ 착수하다
set up,설립하다
settle down,정착하다
settle in,~에 정착하다/ ~에 자리 잡다
shake hands with,악수하다
shake off,털어내다
share ~ with,~을 ~와 공유하다/ 나누다
share in,～을 분담하다
short of,～이 부족한
should have+p.p,했어야 했다 (실제로는 안했다)
show around,여기저기 안내하다
show off,자랑하다
sick in bed,병으로 누워 있는
sick of,～에 싫증이 난
side by side,나란히
sit for,시험을 치르다
sit in,(on) ~에 참관하다/ (for) ~을 대신하다
sit on,~위에 (놓여) 있다
sit up,늦게까지 앉아 있다
slap down,마구 비난하다
so (that),그래서
so as to,~하기 위해서
so far,지금까지
so that ~ may,~하기 위해서
so to speak,말하자면
so+형용사+that ~,너무 ~해서 ~하다(결과)
some ~ others ~,~하는 사람도 있고 ~하는 사람도 있다
some day,어느 날 (미래의)
some time or other,조만간
sooner or later,조만간
speak out,거리낌 없이 말하다
speak to,~에게 말을 걸다
speaking of,~에 관해서 말한다면
speed up,속도를 올리다/ 가속화하다
spend+(in) ~ing,~하는데 ~을 쓰다
split ~ into,~을 ~으로 나누다/ 분리하다
spread out,퍼지다/ 퍼져 나가다
stake out,잠복근무를 시키다
stand a chance of,～의 가능성이 있다
stand alone,홀로 서다/ 자립하다
stand by,지지하다/ ～를 편들다
stand for,대표하다/ 지지하다/ 참다
stand in the way,방해가 되다
stand out,눈에 띄다/ 끝까지 버티다
stand up,일어서다
stare at,~을 뚫어지게 바라보다/ ~을 응시하다
start at,~에서 시작되다
start for,~을 향해서 출발하다
stay away (from),~을 가까이 하지 않다/ 피하다
stay on,제 위치에 놓여 있다/ 계속 머무르다
steal away,몰래 사라지다
step by step,한 걸음 한 걸음
stick around,가지 않고 있다
stick out,눈에 띄다/ 잘 보이다
stick to,들어붙다/ 고수하다
stick together,함께 뭉치다
straighten out,~를 바로잡아 주다
stream into,들어오다/ 유입되다/ 밀려들다
strive for,～을 얻으려고 노력하다
substitute A for B,B를 A로 대신하다
succeed in,성공하다
succeed to,계승하다/ 상속하다
such as,～과 같은
such+명사+that ~,너무 ~해서 ~하다
suffer from,～으로 고생하다
sum up,요약하다/ 총계를 내다
supply A with B,A에게 B를 공급하다
supposed (that) ~,가령 ~하면
supposing (that) ~,가령 ~하면
swarm with,~이 가득하다/ ~이 득시글거리다
swear in,맹세하다
sweep over,~을 휩쓸다
swept by,~에 휩쓸린/ ~에 쓸려간
switch on(off),～를 켜다(끄다)
sympathize with,～를 동정하다
take ~ aside,~을 한쪽으로[옆으로] 데리고 가다
take ～ into account,～을 고려하다
take a break,잠깐 휴식하다
take a fancy,～을 좋아하다
take A for B,A를 B로 잘못보다
take a look at,훑어보다/ ~을 보다
take a nap,낮잠을 자다
take a picture of,~의 사진을 찍다
take a rain check,다음으로 미루다
take A to B,A를 B로 데리고 가다
take a walk,산보하다
take account of,～을 고려하다
take advantage of,이용하다
take advice,충고를 받아들이다
take after,～를 닮다
take back,되찾다
take by surprise,놀라게 하다/ 기습을 하다
take care of,돌보다
take charge of,～의 책임을 지다
take down,내리다
take in,맞아들이다/ 속이다/ 받아들이다/ 호흡하다
take it for granted that,～을 당연한 것으로 여기다
take leave of,～와 작별하다
take notice of,～을 주목하다
take off,이륙하다
take one's time,서두르지 않다
take over,인수하다/ 인계받다/ 차지하다/ 점령하다
take part in,～에 참가하다
take pity on,불쌍히 여기다
take place,발생하다
take pride in,～를 자랑하다
take the place of,～을 대신하다
take to,～에 빠지다
take turns,번갈아 하다
take up,차지하다
teach oneself,독학하다
tear away from,~에서 떼어 놓다/ ~에서 떠나다
tell A from B,A와 B를 구별하다
tell on,～에 영향을 미치다
ten to one,십중팔구/ 아마
tend to,～하는 경향이 있다
thank to,～덕분에
thanks A for B,A에게 B에 대해서 감사하다
thanks to,~덕분에/ ~덕택에/ ~에 감사하다
that is (to say),즉
that of ~,명사의 반복을 피하기 위한 that of ~
the day after tomorrow,모레
the day before yesterday,그저께
the last ~,가장 ~할 것 같지 않은
the moment,～하자마자
the other day,전날
the pros and cons,찬반양론/ 장단점
the same ~ as ~,~와 같은 종류의
the time ~ when A,A 하는 시간이 ~하다
the 비교급~ the 비교급,~하면 할수록 그만큼 더 ~
there is no ~ing,~을 할 수 없다/ ~하는 것은 불가능하다
there is no use ~ing,~하는 것은 소용없다
think about,~에 대해서 생각하다
think highly of,～을 높이 평가하다
think it better ~ for ~ to,~ 하는 편이 좋다고 생각하다
think little of,～을 경시하다
think of,~을 생각하다
think out,생각해 내다
think over,곰곰이 생각하다
through thick and thin,좋을 때나 나쁠 때나
throw a party,파티를 열다
throw away,버리다
throw money down the drain,돈을 물 쓰듯 쓰다
throw up,토하다
tide over,극복하다
to no end,헛되이
to no purpose,헛되이
to one’s surprise,놀랍게도
to say nothing of,～은 말할 것도 없이
to the contrary,그와는 달리
to the effect that,～이라는 취지로
to the point,적절한/ 요령 있는
to the purpose,적절한/ 요령 있는
too ~ to ~,너무 ~ 해서 ~ 할 수 없다
true of,～에 적용되는
try on,시험해 보다/ 입어 보다
turn ～ to account,～을 이용하다
turn a deaf ear to,～을 듣지 않다
turn away,(등을) 돌리다/ 멀어지다
turn down,거절하다
turn in,제출하다
turn off,끄다
turn on,켜다
turn out,입증되다
turn to,의지하다
turn up,나타나다
umbrella term,포괄어
up front,선불로/ 앞쪽에
up to,~까지
up to date,현대식의/ 최신 유행의
upon my words,맹세코
upside down,거꾸로
used to+do,~하곤 했다(규칙적)
vote for,~을 투표로 뽑다/ ~에 투표하다
wait for,기다리다
wait on,시중들다
wake up,잠을 깨다
ward off,~을 피하다/ 막다
watch out,감시하다/ 돌보다
wear off,차츰 사라지다/ 없어지다
wear out,닳아버리다/ 지쳐버리다
weary of,～에 싫증이 난
well off,유복한
what for,무엇 때문에
what is better,더욱 ~한 것은
what is called,이른바
whether ~ or not,~이든지 아니든지
with a smile,미소를 짓고서
with a view to ~ing,~하기 위해서
with all,~에도 불구하고
with ease,용이하게/ 손쉽게
with interest,흥미를 갖고서
with regard to,～에 관하여
with surprise,놀라서
with the view of ～ing,～할 목적으로
with+목적어+분사,~한 채로
without fail,틀림없이
wonder if,~ 여부를 궁금해 하다
work with,~에 작용하다/ ~에 효과가 있다
worse than useless,백해무익한
would like to+do,~하고 싶다
would rather ~ than,~하느니 차라리 ~하겠다
would+do,~하곤 했다(불규칙한 습관)
wound up,(연설/ 모임 등을) 마무리 짓다
write to,~에게 편지를 쓰다
zealous for,～을 열망하는
배수+비교급+than ~,~보다 더 ~한
부정문 much less,~ 아니다/ 하물며/ ~은 더욱 아니다
비교급 than any other,다른 어떤 것보다 더 ~한
Look who’s here!, 이게 누구야!
How have you been?, 그동안 어떻게 지냈어?
haven’t changed a bit, 하나도 안 변했다
say hello to sb, ~에게 안부를 전하다
keep in touch, 연락하다
What a small world, 세상 참 좁다
Long time no see, 오랜만이다
be doing great, 잘 지내고 있다
Catch you later, 다음에 보자
Don’t mention it, 별말을 다 해/천만에요
You shouldn’t have!, 이러지 않아도 되는데!
give sb a ride, ~를 태워주다
That’s what friends are for, 친구 좋다는 게 뭐야
be oneself, 평소처럼 행동하다
Don’t bother, 일부러 그럴 거 없어
Something smells fishy, 수상한 냄새가 난다
What’s sb/sth like?, ~은 어때?
It slipped one’s mind, 깜빡 잊어버렸어
Don’t tell me S+V, 설마 ~하려는 건 아니겠지
go with the flow, 대세를 따르다
get the feeling that S+V, ~라는 느낌이 들다
behind one’s back, ~등 뒤에서/~몰래
Nothing beats sth, ~만 한 것이 없다/~이 최고다
might as well+do, ~하는 게 나을 것 같다
postpone sth for another day, 다른 날로 연기하다
previous engagement, 선약
come to think of it, 다시 생각해 보니
drinking session, 술자리
Care for some coffee? ,커피 한잔 할래?
go easy on sth, ~을 적당히 하다
It’s not gonna kill you to+do,~한다고 큰일 안 난다
Don’t forget to+do,~하는 거 잊지 마
pull some strings, 백을 쓰다/연줄을 대다
have good connections, 좋은 인맥이 있다
be a big fan of sb/sth, ~의 팬이다/~을 좋아하다
look on the bright side, 긍정적으로 생각해
fix the date, 날짜를 확정하다
Too bad S+V, ~라서 안타깝다
keep sb posted, (진행 상황을) 계속 알려 주다
keep sb waiting, ~를 기다리게 하다
When is the most convenient time?, 언제가 가장 편하세요?
make time, 시간을 내다
What do you mean?, 무슨 뜻이죠?
make a reservation, 예약하다
How many in your party?, 인원이 몇 명이시죠?
have a room[table] for+숫자,? ~인용 방[테이블] 있나요?
on a+형용사+basis, ~을 기준으로
I’m calling to+do,~하려고 전화 드렸어요
make no difference, 별 차이가 없다
be admitted (to+장소), (~에) 입장하다
There are four of us in my family, 우리 가족은 네 명입니다
give sb a hand with sth, ~가 …하는 걸 돕다
make an excuse, 핑계를 대다
take it out on sb, ~에게 화풀이 하다
All you have to do is+do/명사, ~하기만 하면 된다
How come S+V?, 왜 ~하는 거야?
do sth oneself, 스스로 ~하다
improve one’s ability, 능력을 키우다
Want to come along?, 같이 갈래?
come along, 따라가다
hit the road, 여행을 떠나다
wouldn’t miss it for anything, 꼭 참석하다
Just bring yourself, 그냥 몸만 오세요
for a change, 기분 전환 삼아
get out of hand, 감당이 안 된다
be in a good[bad] mood, 기분이 좋다[나쁘다]
be cut out to+do,~에게 적합하다/어울리다
kiss up to sb, ~에게 아부하다/애교떨다
get along with sb, ~와 잘 지내다
Spit it out, 솔직히 말해 봐
The thing is S+V, 문제는 ~이다
give sb a hard time, ~를 힘들게 하다
get back together, (헤어진 후) 다시 만나다
cheat on sb ,바람을 피우다
cross the line, 너무 하다/선을 넘다
It’s not like S+V, ~인 것도 아니잖아
ask sb to+do,~에게 …해 달라고 부탁하다
I must admit S+V, 솔직히 ~하다
put sth on the market, ~을 시장에 내놓다
cut back on sth, ~을 줄이다
calm down, 진정하다
What’s the deal?, 무슨 일이야?
have sb over, ~를 집에 초대하다
What’s the occasion?, 무슨 일이죠?
tell sb what to do, ~에게 잔소리 하다
Over my dead body!, 절대로 안 돼!
the real good kind, 좋은 부류
have sth in common, 공통점이 많다
on such short notice, 촉박하게/급하게
be not feeling well, 몸이 좋지 않다
call in sick, 병가를 내다
take a few days off, 며칠 쉬다
Thanks for your concern, 걱정해 줘서 고마워
24/7 = around the clock,밤낮으로
work overtime, 야근하다
I’m telling you, 정말이야
nobody can stop sb, 아무도 ~를 못 말리다
What’s up with sth?, ~은 대체 왜 그래?
book sth in advance, ~을 미리 예약하다
office dinner, 사무실 회식
go over sth, ~을 검토하다
Sounds good, 좋은 생각이야
take sb outside, ~를 밖으로 데려 가다
catch a late-night movie, 심야영화를 보다
sign up for sth, ~을 신청하다
stick to sth, ~을 고수하다/계속하다
play in the yard, 야외에서 놀다
It’s now or never, 지금 아니면 안 돼
This is ridiculous, 말도 안 돼/어이가 없다
get a flat tire, 타이어 펑크가 나다
drop sb off, ~를 차에서 내려주다
Maybe you should+do, ~하는 게 좋을 거야
the insurance company, 보험회사
be late to work, 출근이 늦다
immediate supervisor, 직속 상사
return a call, 회신 전화를 하다
be booked solid, 스케줄(예약)이 꽉 찼다
go for a drink, 술 마시러 가다
Time to call it a day, 끝낼 시간이야
What’s up?, 무슨 일이죠?
sneak out, 몰래 빠져나가다
call it a day, 하루를 마감하다
wrap sth up, ~을 마무리 하다
speak of the devil, 호랑이도 제 말 하면 온다더니
ask for sth, ~을 요구하다/~을 찾다
one moment, 잠시만요
worry about sb/sth, ~에 대해 걱정하다
can’t take eyes off sb/sth, ~에서 눈을 떼지 못하다
pay attention to sb/sth, ~에 관심을 기울이다
Don’t be silly, 바보 같이 굴지 마
Times have changed, 세상이 달라졌어
sth is a mess, (~의 상태가) 엉망이다
Not to worry, 걱정 마
What if S+V?, ~하면 어떻게 하죠?
blackmail sb into+(동)명사, ~하라고 협박하다
keep an eye on sb/sth, ~을 지켜보다
commit a crime, 범죄를 저지르다
break the law[rules], 법규[규정]을 어기다
report to the police, 경찰에 신고하다
be in a sticky situation, 어려운 상황에 처하다
go for a drive, 드라이브 가다
be taken in by sb/sth, ~에(게) 속다
be allowed to+do,~하는 것이 허용되다
by any chance, 혹시
Just throw away, 갖다 버려
see if S+V, ~인지 확인해 보다
split up, (남녀가) 헤어지다
What’s the point of ~ing?,~하는 것이 무슨 소용 있어?
set A up with B, A에게 B를 소개시켜 주다
go one’s separate ways, 각자의 길을 가다
have no idea, 전혀 모르겠다
get over sb, ~를 잊다/극복하다
Here we go again, 또 시작이야
make sth clear, ~을 분명히 하다
I hate to say this but~,이런 말하기 싫지만
count sb/sth out, ~를 제외시키다
take action, 조치를 취하다
dead wrong, 완전히 틀린
what I want you to do, 당신에게 원하는 것
Let it go, 신경 꺼
owe sb an apology, ~에게 사과할 게 있다
It’ll never happen again, 다신 이런 일 없을 거야
make up for sth, ~을 보상하다/만회하다
twist one’s arm, 억지로 강요하다/엎드려 절 받다
happen to sb, (어떤 일이) ~에게 일어나다
Forget it, 됐어/신경 쓰지 마
Now you’re talking, 바로 그거야
be in a hurry, 서두르다/바쁘다
can’t wait to do ,~하고 싶어 죽겠다
Just because A doesn’t mean B, A한다고 해서 B 하는 것은 아니다
take whatever ~ you need[want] ,편한 대로 하세요
slow down, 속도를 늦추다
go out, (남녀가) 사귀다
good match, 좋은 상대/배우자
You’re all dressed up, 쫙 빼 입었네
haven’t p.p. in+기간, ~동안 …하지 않았다
That’s where S+V, 그 점이 ~하는 거야
wait and see ,두고 보다/지켜보다
clothes make the man, 옷이 날개다
wash-and-wear, (물빨래해서 입는) 싸구려 옷
drop it, 됐어/그만해
I’ll show you what I’m made of, 내가 어떤 사람인지 보여 줄께
Suit yourself!, 맘대로 해!
What do you think of sb/sth?,~을 어떻게 생각해?
go on a vacation, 휴가를 떠나다
take sb to+장소, ~를 …에 데리고 가다
Give me a break, 한 번만 봐줘
try sth out, (시험 삼아) 착용하다
buy sth on impulse, 충동구매하다
I’m so jealous of you, 정말 부럽다
be in the mood for sth, ~을 하고 싶은 기분이다
hit the bars, 술 마시러 가다
get wasted, 만취하다
get the bill, (음식 값을) 지불하다
can’t remember a thing, 아무 기억이 안 나다
suffer from sth, ~으로 고통받다
hangover soup, 해장국
hangover chaser, 해장국
It’s no big deal, 별일 아니야
fight over nothing, 사소한 일로 싸우다
have trouble ~ing, ~하는 데 어려움을 겪다
grow up to be+명사, 커서 ~가 되다
Never mind, 신경 쓰지 마
to some degree, 어느 정도까지
adjust to+(동)명사, ~에 적응하다
What’s wrong with it?, 뭐 어때서요?
have an eye for sth, ~에 대한 안목이 있다
A look good in B, A에게 B가 잘 어울리다
take one’s side, ~의 편을 들다
way too+형용사, 너무 ~하다
wear sth to the party, ~을 입고 파티에 가다
You’re impossible, 넌 구제불능이야
stay up all night, 밤을 꼬박 새우다
live it up, 신나게 즐기다
keep it a secret, 비밀로 하다
get a move on, 서두르다
the finals, 기말고사
party pooper, 분위기를 망치는 사람
Watch your language, 말조심해
mean to+do,일부러 ~한 건 아니다
hurt one’s feelings, ~의 감정을 상하게 하다
How many times do I have to+do?,대체 몇 번을 ~해야 하니?
Don’t even think about it, 꿈도 꾸지 마
be attracted to sb, ~에게 매력을 느끼다
ask sb out, ~에게 데이트 신청하다
It won’t hurt to try, 손해 볼 건 없다/밑져야 본전이다
be into sb/sth, ~에 빠지다/좋아하다
out of one’s league, ~에게 과분한
Is she seeing someone?, 사귀는 사람이 있는 거야?
already taken, 이미 임자가 있는
신체부위 is killing me, ~가 아파 죽겠어
get some rest, 휴식을 취하다
in the blink of an eye, 눈 깜짝할 사이에
cut sb some slack, ~의 사정을 봐주다
be almost done, 거의 다 했다
It’ll take a second, 얼마 안 걸릴거야
have had it (with sth), ~에 질리다
take out the garbage, 쓰레기를 버리다
hang out with sb, ~와 어울려 놀다
see what I can do, (가능하지) 알아보다
Don’t get your hopes up, 너무 기대하지 마세요
on one’s way out, 나가는 길에
pizza place, 피자 가게
break down, (기계가) 고장나다
What took you so long?, 왜 이렇게 늦었어?
get stuck in traffic, 차가 막히다
get caught speeding, 속도위반에 걸리다
Nothing is working out, 되는 일이 없다
traffic is heavy, 차가 밀리다
at this time of (the) day, 하루 중 이 시간에
be through a lot, 많은 일을 겪다/경험하다
pay a fine, 벌금을 내다
Anything good happen?, 무슨 좋은 일 있어?
be written all over one’s face, 얼굴에 다 쓰여 있다
get accepted to+학교(회사), ~에 합격하다/입학 허가를 받다
Everything is under control, 모든 일이 잘 진행되다
take the credit, 공[업적]을 차지하다
It’s coming up, 얼마 안 남았어
take a risk, 모험을 하다/위험을 감수하다
when is sb/sth due?, ~의 마감일[예정일]이 언제죠?
get together, 모이다/만나다
Sounds like a plan, 좋은 생각이야
insurance coverage, 보험
sth is coming up, ~이 다가오고 있다
It’s about 3 months away, 3개월 정도 남았어요
If it’s all right  I’d like to+do,괜찮다면 ~하고 싶어요
step on it, (자동차) 속도를 내다/빨리 가다
let sb out, (차에서) 내려 주다
Enjoy your stay, 즐거운 시간 되세요
take a short cut, 지름길로 가다
at this time, 지금 시간에는
Here we are, 다 왔습니다
Why not?, 안 될 거 없지
make fun of sb/sth, ~를 놀리다
That’s what sb say[think], ~가 그렇게 말하지[생각하지]
get sb wrong, ~를 오해하다
call sb back, ~에게 다시 전화하다
be upset, 화가 나다
gold digger, 돈 많은 남자를 쫓는 여자
take a guess, 대충 맞추다/찍다
put everything aside, 만사를 제쳐 두다
try everything, 모든 노력을 다하다
be all talk, 항상 말뿐이다
go up, (점수· 가격이) 오르다/(수치· 혈압이) 올라가다
be not sure about sth, ~에 대해 잘 모르겠다
The key is to+do,비결은 ~하는 것이다
take a while, 시간이 좀 걸리다
Now that you mention it, 얘기가 나와서 말인데
get cold feet, (긴장해서) 겁을 먹다
go along with sth, ~에 동의하다
help with sth, ~에 도움을 주다
No worries, 걱정하지 마
Well begun is half done, 시작이 반이다
Why the+명사?, 왜 ~인 거야?
Good thing S+V, ~라서 다행이다/~하길 잘했다
be sick of+(동)명사, ~에 질리다/싫증나다
be messed up, 망치다/엉망이 되다
complain about sth, ~에 대해 불평하다
ignore one’s text, 문자를 씹다
What brings you here?, 여긴 어쩐 일이야?
be in the neighborhood, (볼일 있어) 근처에 오다
grab a bite to eat, 간단히 요기를 하다
favorite hangout, 단골집/자주 가는 곳
drop by, 잠시 들르다
When was the last time S+V?, 마지막으로 ~한게 언제죠?
get a medical checkup, 건강 검진을 받다
How did sth go?, 결과가 어떻게 되었나요?
be under a lot of stress, 스트레스를 많이 받다
blood pressure, 혈압
take good care of sb/sth, ~을 각별히 보살피다
One’s hands are full, 정신없이 바쁘다
be not what it used to be, 예전 같지 않다
Sth is not my thing, ~은 내 취향이 아니다
play to one’s strengths, 강점을 발휘하다
What can I say?, [체념] 어쩌겠어요?
When it comes to+명사, ~에 관해서라면
from Monday through Wednesday, 월요일부터 수요일까지
take sb into ~ing, ~를 …하도록 설득하다
blame sb for sth, ~때문에 …를 탓하다
can’t take it anymore, 더 이상 못 참다
hate the way S+V, ~하는 방식이 마음에 안 들다
one’s stomach feels heavy, 속이 더부룩하다
shouldn’t have+p.p., ~하지 말았어야 했어
go on a diet, 다이어트하다
get goose bumps, 소름[닭살]이 돋다
be+형용사+to death, ~해서 죽겠다
bundle up, (옷을) 껴입다/따뜻하게 입다
behind the wheel, 운전 중인
a fender-bender, (경미한) 접촉 사고
It’s just a cold snap, 그냥 꽃샘추위야
Hold on  please, 잠시만요
Is sb available?, ~씨 계신가요?
step out, 잠시 나가다
be out of town, 출장 중이다
get back to sb ,~에게 회신 전화하다
get in, (사무실에) 들어오다
be out to lunch, 점심 먹으러 외출하다
act one’s age, 나잇값을 하다/철이 들다
Look who’s talking, 사돈 남 말 하네
Mind your own business, 너나 잘 해
come to one’s senses, 제정신이 들다
be hooked on sth, ~에 중독되어 있다
kick one’s ass, ~를 혼내주다
Knock it off!, 그만 좀 해!
wait in line, 줄 서서 기다리다
get interested in sth, ~에 관심을 갖다
I wasn’t born yesterday, 나도 알 건 알아/나 바보 아니야
rub it in, 아픈 데를 건드리다/염장 지르다
keep up with sth, ~을 따라가다
No offense  but, 불쾌하게 하려는 건 아닌데
I don’t buy it, 믿을 수 없어
You’ll never guess 의문사+S+V, ~했는지 상상도 못할 걸
play the field, 여러 사람과 사귀다
have feeling for sb, ~에게 마음이 있다
have a lot on one’s mind, 생각이 많다/머리가 복잡하다
stand sb up, ~를 바람맞히다
play hard to get, 까다롭게 굴다/튕기다
How (old) do I look?, (나이가) 어때 보여요?
look young for one’s age, 나이에 비해 어려 보이다
be up for sth, ~을 먹고 싶다
be picky about sth, ~에 대해 까다롭다
be in one’s mid-30s, 30대 중반이다
be pushing 40, 곧 40세가 된다
get that a lot, 그런 말 많이 듣는다
have gone for the day, 이미 퇴근했다
be in charge of sth, ~을 담당하다/책임지다
Sorry to bother you, 귀찮게 해서 죄송해요
do sb a favor, ~의 부탁을 들어 주다
be off, 휴무이다
family emergency, 급한 가정사
Sure thing, 물론이죠.
Make it on time, 제시간에 와
toss and turn, (잠 못 들고) 뒤척이다
couldn’t sleep a wink, 한숨도 못 잤다
set the alarm, 알람을 맞추다
sleep in, (일부러) 늦잠 자다
be in the middle of+(동)명사, ~하는 중이다
the black sheep, 골칫덩어리
speaking of which, 말이 나와서 말인데
go by the book, 원칙대로 하다
play it safe, 신중을 기하다/안전하게 하다
be out of shape, 몸매가 망가지다/건강이 좋지 않다
gain[lose] weight, 체중이 늘다[줄다]
work out, 운동하다/(일이) 잘 되다
go on a crash diet, 속성 다이어트를 하다
What’s bothering you?, 무슨 고민 있어?
feel left out, 소외감을 느끼다/왕따가 된 기분이다
Time heals all wounds, 시간이 약이야
back sb up, ~에게 맞장구치다/지지하다
It’s nothing, 별거 아니야
I can’t thank you enough, 정말 고마워
I think I’ll pass, 사양할게요
have a lot of nerve, 뻔뻔하다
Something comes up, 무슨 일이 생기다
have a sore throat, 목이 아프다
hair of the dog, 해장술
I couldn’t help it, 어쩔 수 없었어
be (in) between jobs, 구직 중이다/취업 준비 중이다
lie low, 잠수 타다/두문불출하다
take one’s time, 천천히 하다/쉬엄쉬엄 하다
beat one’s head against the wall, 맨땅에 헤딩하다
haven’t seen sb around, 요즘 못 봤다
late bloomer, 대기만성형 사람
I’m flattered, 과찬이세요
There’s no rush, 서두를 거 없어
reflect on oneself, 자신을 반성하다
be on the right track, 제대로 하고 있다
live in the past, 과거에 연연하며 살다
take responsibility for sth, ~에 책임을 지다
be just around the corner, ~이 코앞으로 다가오다
the end of the year, 연말
skip one’s dinner[breakfast], 저녁[아침] 식사를 거르다
lose one’s appetite, 식욕(입맛)을 잃다
Have it your way, 좋을 대로 해라
May I be excused?, 먼저 일어나도 되죠?
come and get it!, 와서 밥 먹어라!
taste funny, 맛이 이상하다
Anything is fine by me, 아무거나 괜찮아요
be sold out, 매진되다/품절되다
Nature calls (me), 화장실 가고 싶다
save one’s seat, ~의 자리를 잡다
put sth on vibrate[mute], 진동[무음]으로 바꾸다
sit on the sides, 가장자리에 앉다
have ever been to+장소, ~에 가 본 적이 있다
You’ll be sorry if S+V, ~하면 후회할 거다
What was the name of sth/sb?, ~의 이름이 뭐라고 했죠?
learn of sth, ~에 대해 들어서 알다
by word of mouth, 입소문으로
root for sb/sth, ~을 응원하다/지지하다
come from behind, 역전하다
be one’s winning[losing] streak, 연승[연패] 행진을 하다
end in a tie[draw], 무승부로 끝나다
be crazy about sth, ~을 매우 좋아하다
win 3 to 1, 3대1로 이기다
ninth win[lose] in a row, 9연승[연패]
How long does it take to+do?,~하는 데 얼마나 걸려요?
hang in there, 참고 견디다/버텨내다
feel queasy, (속이) 메스껍다/울렁거리다
break in sth, (신발· 자동차를) 길들이다
be almost there, 거의 다 왔다
catch one’s breath, 한숨 돌리다
tie one’s shoes, 신발 끈을 매다
run into sb, ~를 우연히 만나다
sprain[twist] one’s ankle, 발목을 삐다
take one’s mind off sb/sth, (마음에서) ~을 떨쳐버리다
chicken out, (겁먹고) 물러서다
step backwards, 뒷걸음치다
pull oneself together, 마음을 잡다
Sorry to hear that, 안됐구나
have a big mouth, 입이 가볍다/말이 많다
give sb the cold shoulder, ~에게 차갑게 대하다
if you were in my shoes[place], 네가 내 입장이라면
be a pain in the neck, 골칫거리다/귀찮은 일이다
That’s why S+V, 그래서 ~하는구나
give it a (serious) thought, (신중히) 생각해 보다
tow-away zone, (불법주차) 견인지역
You have a minute?, 시간 좀 있어?
I can’t talk long, 통화 길게 못해요
ask sb for (one’s) advice, ~에게 조언을 구하다
free up some time, 시간을 좀 내다
on one’s day off, 쉬는 날에
have company, 손님이 있다
How about (if) S+V?,~하는 게 어때요?
be on a tight budget, (돈이) 부족하다
split the bill, (비용을) 나눠 내다
chip in, (돈을) 조금씩 걷다
Can I have a doggy bag?, (남은 음식) 싸 주실래요?
It’s one’s turn, ~의 차례다
Here you go, 여기 있어요
designated driver, 대리운전 기사
have a crush on sb, ~에게 반하다
work up the courage, 용기를 내다
be not much of a+명사, ~을 잘 못하다
be hard on sb, ~에게 심하게 대하다
Rumor has it (that) S+V, ~라는 소문이 있다
between you and me, 우리끼리 비밀인데
That’s the spirit!, 바로 그 정신이야!
keep one’s fingers crossed, 행운을 빌다
be all the rage, 인기가 있다/대유행이다
You don’t wanna+do, ~하지 않는 게 좋을 거야
play sb for a fool, ~를 바보 취급하다
You can’t miss it, 찾기 쉬워
No wonder S+V, 어쩐지 ~하다/~이 당연하다
answer one’s text, 문자에 답장하다
What’s the big deal?, 그게 뭐 대수야?
wake up with a stiff neck, 자고 나니 목이 뻐근하다
V+till sb drop,p ~을 실컷 하다
to top it off, 설상가상으로
party animal, 파티광
My gut feeling told me, 직감으로 알았지
Let’s make a toast, 건배하자
be on a medication, (약을) 복용 중이다
fall for sb/sth, ~에게 속다/~에게 반하다
ache all over, 온몸이 쑤시다
Bottoms up!, 원 샷!
take a day off, 하루 쉬다
be tied up, 바쁘다
Hope it works out, 잘 되길 바라
get into an accident, 사고를 당하다
put the blame on sb, ~의 탓으로 돌리다
be out of luck, 운이 없다
burst into tears, 울음을 터뜨리다
crash into sth, ~에 충돌하다
That was close, 큰일 날 뻔했다
make a profit, 수익을 내다
take out a loan, 대출을 받다
pay off a det, 빚을 갚다/청산하다
be in the same boat, 같은 처지이다
break even, 본전이다
have one’s own problems, 내 코가 석 자다
raise money, 돈을 마련하다
You can start from scratch, 처음부터 다시 시작할 수 있잖아
She was taken to the ER, 응급실에 실려 갔어
be in a coma, 혼수상태이다
be released from the hospital, (병원에서) 퇴원하다
be in stable condition ,안정된 상태이다
bring sth down, ~을 낮추다/떨어뜨리다
be hospitalized, (병원에) 입원하다
sell like hotcakes, 불티나게 팔리다
spread the word, 입소문을 내다
post sth on the site, ~을 인터넷에 올리다
put in a good word ,말을 잘 해주다
promote to the public, 대중에게 홍보하다
Thanks a million, 정말 고마워요
That means a lot to me, 나에게 큰 의미가 있다
be too much for sb, ~에게 벅차다
get the hang of sth, 요령이 생기다
get used to sth, ~에 익숙해지다
a matter of time, 시간문제
for starters, 우선은
Easier said than done, 말은 행동보다 쉽다
What did I miss?, 무슨 얘기 했어?
What do you take me for?, 날 뭘로 보는 거야?
get carried away, 흥분하다/자제력을 잃다
be made for each other, 천생연분이다
Give it to me straight, 솔직히 말해
I knew it!, 그럴 줄 알았어!
come out great, (사진이) 잘 나오다
look better than sth, ~보다 나아 보이다
change one’s mind, ~의 마음을 바꾸다
have a point, 일리가 있다/맞는 것 같다
camera-shy, 사진 찍히기 싫어하는
have confidence, 자신감을 갖다
on second thought, 다시 생각해 보니
give sb a discount, ~에게 할인해주다
sell sth at cost, 원가에 팔다/싸게 팔다
try sth on, ~을 입어 보다
sleep on sth, ~을 다시 생각해 보다
That’s a steal, 싸다/공짜나 다름없다
come down, 가격을 내리다
beat around the bush, 돌려 말하다
get to the point, 본론으로 들어가다
pull one’s weight, 역할을 다하다
drive sb crazy, ~를 미치게 하다
be beyond one’s ability, ~의 능력을 넘어서다
deserve+명사[to+do],~받을 만하다[자격이 있다]
Don’t start with that, 그 얘긴 꺼내지도 마
put in for sth, ~을 신청하다
It’s pouring, 비가 억수같이 와
send out for+음식, ~을 배달시키다
There is a good chance S+V, ~할 가능성이 높다
be cooped up (at/in+장소), (~에) 처박혀 있다/갇혀 있다
don’t feel like+(동)명사, ~하고 싶지 않다
There goes+명사, ~을 망쳤다/날 샜다
catch up on sth, (밀린 일을) 만회하다/보충하다
The last thing I wanna do is+do, 절대 ~하고 싶지 않다
bite off more than sb can chew, 분에 넘치는 일을 하다
can’t stand the sight of sb/sth, ~는 꼴도 보기 싫다
stressed out, 스트레스를 받은
fill in for sb, ~를 대신하다
Thanks for the tip, 알려 줘서 고마워
back up, (자동차가) 후진하다
get a parking ticket, 주차위반 딱지를 받다
make a big deal, 호들갑을 떨다/소란을 피우다
Would you mind+동명사?, ~해 주실래요?
That’s news to me, 금시초문이다
Keep your voice down, 목소리 낮춰
treat oneself to sth, 큰맘 먹고 ~을 사다
blow one’s top, 불같이 화를 내다
leave it to sb/sth, ~에게 맡기다
feel sorry for sb, ~를 불쌍히 생각하다
look sharp, (의상이) 멋지다
What kind of sb are you?, 무슨 ~가 그러냐?
Don’t tell a soul, 아무한테도 말하지 마
Life sucks!, 사는 게 뭔지!
get a lecture, 야단맞다
meet the deadline, 마감 시간을 지키다
let sb down, ~를 실망시키다
return for the favor, 보답하다
over+음식, ~을 먹으면서[마시면서]
get paid, 급여를 받다
treat sb to+식사, ~에게 식사를 대접하다
owe sb one, 빚지다/신세를 지다
Fill her up  please, 가득 넣어 주세요
run out of sth, ~이 떨어지다
make a left[right], 좌회전[우회전] 하다
have a long way to go, 갈 길이 멀다/아직 멀었다
get a car wash, (기계) 세차를 하다
While we’re at it, ~하는 김에
fill up the tank, (기름통을) 가득 채우다
be out of touch (with sb), (~와) 연락이 끊기다
be in the doghouse, 미움을 사다/찍히다
Let’s drop the subject, 그 얘긴 그만하자
put sth on one’s account, 외상으로 하다/장부에 달다
text sb, ~에게 문자를 보내다
Let’s dig in, (음식을) 먹자
The total comes to+금액, 총 얼마가 나오다
have a reservation under the name of, sb ~이름으로 예약하다
fill out sth, ~을 작성하다
give sb a wake-up call, ~에게 모닝콜을 해 주다
Can I have an extra sth?, ~하나 더 주실래요?
if possible, 가급적/가능하면
This is one’s first time, ~에게 처음이다
How many parties are ahead of me?, 제 앞에 대기자가 얼마나 돼요?
Do you want me to+do?,제가 ~해 드릴까요?
put sb on the waiting list, ~를 대기자 명단에 올리다
have a cough[stuffy nose], 기침을 하다[코가 막히다]
How long is the wait?, 얼마나 기다려야 하나요?
The way I see it, 내가 보기엔
Will that be all?, 그게 전부이신가요?
What can I get for you?, 뭘 드릴까요?
For here or to go?, 여기서 드세요· 가져가세요?
take it easy on sth/sb, ~을 조금만 넣다/ ~를 살살 대하다
pay by credit card, 신용카드로 계산하다
I’d like+음식, ~주세요
french fries, 감자튀김
Enjoy your meal, 맛있게 드세요
What do you say?, 네 생각은 어때?
Would you like sth?, ~하실래요[드릴까요]?
It’s all the same to me, 난 아무래도 괜찮아
stay out of trouble, 말썽을 피우지 않다
behave oneself, 점잖게 행동하다
sit in a booth, 칸막이 자리에 앉다
Hold the onions, 양파는 빼주세요
get a refund, 환불받다
be against sth, ~에 위배되다
exchange A for B, A와 B를 교환하다
be fed up with sth, ~에 질리다
I’m afraid S+V, 유감스럽게도 ~하다
All sales are final, 교환(환불) 불가
be sorry for the inconvenience, 불편 드려 죄송하다
come up with sth, ~을 생각해 내다
put one’s heads together, 머리를 맞대고 상의하다
give sb a big hand, ~에게 큰 박수를 보내다
ask for trouble, 화를 자초하다/괜한 짓 하다
Good job, 잘했어요/훌륭해요
bark up the wrong tree, 헛다리짚다
I’m sorry for your loss, 조의를 표합니다
have a mind of one’s own, 주관이 뚜렷하다
learn the hard way, 고생해서 배우다
make it big, 크게 성공하다
Let’s face it, 현실을 직시해
place an ad, 광고[공고]를 내다
lower one’s standards, 눈높이를 낮추다
have what it takes to+do,~할 자질을 갖추고 있다
more than ever, 그 어느 때보다 더
to say the least, 정말로/조금도 과장 없이
cut-throat, 경쟁이 치열한
I missed the boat, 기회를 놓쳤어
get a good grade, 좋은 성적을 받다
Don’t make me laugh, 웃기지 마/말도 안 돼
sth doesn’t put food on the table, ~가 밥 먹여 주지 않는다
There’s nothing like+(동)명사, ~만 한 것이 없다
Looking back, 돌이켜 보니
be on the dean’s list, 우등생 명단에 있다
the point is S+V, 요점은 ~이다
Don’t be a chicken!, 겁먹지 마!
go ahead with sth, ~을 추진하다
pull sth off, (어려운 일을) 해내다
meet (sb) halfway, 절반씩 양보하다
with one’s track record, ~의 전적을 봤을 때
All I’m saying is S+V ,내 말은 ~이라는 거야 
